2026-06-08T07:07:16 UTC | INFO     | ======================================================================
2026-06-08T07:07:16 UTC | INFO     | STARTUP  | BGG Banking Simulator v1.0.0 iniciando...
2026-06-08T07:07:16 UTC | INFO     | STARTUP  | Log operativo: /app/logs/active/bgg_operativo.log
2026-06-08T07:07:16 UTC | INFO     | STARTUP  | Latencia simulada: 0.1s – 1.5s
2026-06-08T07:07:16 UTC | INFO     | ======================================================================
2026-06-08T07:07:20 UTC | INFO     | REQUEST  | method=GET    endpoint=/                                   status=200 latency=    0.78ms
2026-06-08T07:07:50 UTC | INFO     | REQUEST  | method=GET    endpoint=/                                   status=200 latency=    3.18ms
2026-06-08T07:08:18 UTC | INFO     | REQUEST  | method=GET    endpoint=/                                   status=200 latency=    1.51ms
2026-06-08T07:08:21 UTC | INFO     | REQUEST  | method=GET    endpoint=/                                   status=200 latency=    0.30ms
2026-06-08T07:08:51 UTC | INFO     | REQUEST  | method=GET    endpoint=/                                   status=200 latency=    0.30ms
2026-06-08T07:09:21 UTC | INFO     | REQUEST  | method=GET    endpoint=/                                   status=200 latency=    0.29ms
2026-06-08T07:09:52 UTC | INFO     | REQUEST  | method=GET    endpoint=/                                   status=200 latency=    1.94ms
2026-06-08T07:10:22 UTC | INFO     | REQUEST  | method=GET    endpoint=/                                   status=200 latency=    0.85ms
2026-06-08T07:10:53 UTC | INFO     | REQUEST  | method=GET    endpoint=/                                   status=200 latency=    0.66ms
2026-06-08T07:11:23 UTC | INFO     | REQUEST  | method=GET    endpoint=/                                   status=200 latency=    0.60ms
2026-06-08T07:11:40 UTC | INFO     | REQUEST  | method=GET    endpoint=/                                   status=200 latency=    0.35ms
2026-06-08T07:11:54 UTC | INFO     | REQUEST  | method=GET    endpoint=/                                   status=200 latency=    1.09ms
2026-06-08T07:12:06 UTC | INFO     | AUTH     | user=cliente_001          network_delay=1.4533s
2026-06-08T07:12:06 UTC | INFO     | AUTH_OK  | user=cliente_001          account=MX-4821-0001 type=PREMIUM
2026-06-08T07:12:06 UTC | INFO     | REQUEST  | method=POST   endpoint=/api/v1/auth/login                  status=200 latency= 1469.21ms
2026-06-08T07:12:24 UTC | INFO     | REQUEST  | method=GET    endpoint=/                                   status=200 latency=    0.28ms
2026-06-08T07:12:55 UTC | INFO     | REQUEST  | method=GET    endpoint=/                                   status=200 latency=    0.48ms
2026-06-08T07:13:25 UTC | INFO     | REQUEST  | method=GET    endpoint=/                                   status=200 latency=    0.40ms
2026-06-08T07:13:56 UTC | INFO     | REQUEST  | method=GET    endpoint=/                                   status=200 latency=    0.39ms
2026-06-08T07:14:24 UTC | INFO     | AUTH     | user=cliente_001          network_delay=0.3689s
2026-06-08T07:14:24 UTC | INFO     | AUTH_OK  | user=cliente_001          account=MX-4821-0001 type=PREMIUM
2026-06-08T07:14:24 UTC | INFO     | REQUEST  | method=POST   endpoint=/api/v1/auth/login                  status=200 latency=  369.82ms
2026-06-08T07:14:24 UTC | INFO     | AUTH     | user=cliente_001          network_delay=0.3737s
2026-06-08T07:14:24 UTC | INFO     | AUTH_OK  | user=cliente_001          account=MX-4821-0001 type=PREMIUM
2026-06-08T07:14:24 UTC | INFO     | REQUEST  | method=POST   endpoint=/api/v1/auth/login                  status=200 latency=  374.43ms
2026-06-08T07:14:25 UTC | INFO     | AUTH     | user=cliente_001          network_delay=0.8556s
2026-06-08T07:14:25 UTC | INFO     | AUTH_OK  | user=cliente_001          account=MX-4821-0001 type=PREMIUM
2026-06-08T07:14:25 UTC | INFO     | REQUEST  | method=POST   endpoint=/api/v1/auth/login                  status=200 latency=  859.98ms
2026-06-08T07:14:25 UTC | INFO     | AUTH     | user=cliente_001          network_delay=0.3833s
2026-06-08T07:14:25 UTC | INFO     | AUTH_OK  | user=cliente_001          account=MX-4821-0001 type=PREMIUM
2026-06-08T07:14:25 UTC | INFO     | REQUEST  | method=POST   endpoint=/api/v1/auth/login                  status=200 latency=  386.54ms
2026-06-08T07:14:26 UTC | INFO     | AUTH     | user=cliente_001          network_delay=0.6732s
2026-06-08T07:14:26 UTC | INFO     | AUTH_OK  | user=cliente_001          account=MX-4821-0001 type=PREMIUM
2026-06-08T07:14:26 UTC | INFO     | REQUEST  | method=POST   endpoint=/api/v1/auth/login                  status=200 latency=  683.42ms
2026-06-08T07:14:26 UTC | INFO     | REQUEST  | method=GET    endpoint=/                                   status=200 latency=    0.40ms
2026-06-08T07:14:27 UTC | INFO     | AUTH     | user=cliente_001          network_delay=0.6693s
2026-06-08T07:14:27 UTC | INFO     | AUTH_OK  | user=cliente_001          account=MX-4821-0001 type=PREMIUM
2026-06-08T07:14:27 UTC | INFO     | REQUEST  | method=POST   endpoint=/api/v1/auth/login                  status=200 latency=  671.41ms
2026-06-08T07:14:27 UTC | INFO     | AUTH     | user=cliente_001          network_delay=0.2071s
2026-06-08T07:14:27 UTC | INFO     | AUTH_OK  | user=cliente_001          account=MX-4821-0001 type=PREMIUM
2026-06-08T07:14:27 UTC | INFO     | REQUEST  | method=POST   endpoint=/api/v1/auth/login                  status=200 latency=  219.53ms
2026-06-08T07:14:28 UTC | INFO     | AUTH     | user=cliente_001          network_delay=1.4003s
2026-06-08T07:14:28 UTC | INFO     | AUTH_OK  | user=cliente_001          account=MX-4821-0001 type=PREMIUM
2026-06-08T07:14:28 UTC | INFO     | REQUEST  | method=POST   endpoint=/api/v1/auth/login                  status=200 latency= 1403.04ms
2026-06-08T07:14:30 UTC | INFO     | AUTH     | user=cliente_001          network_delay=1.4583s
2026-06-08T07:14:30 UTC | INFO     | AUTH_OK  | user=cliente_001          account=MX-4821-0001 type=PREMIUM
2026-06-08T07:14:30 UTC | INFO     | REQUEST  | method=POST   endpoint=/api/v1/auth/login                  status=200 latency= 1461.44ms
2026-06-08T07:14:31 UTC | INFO     | AUTH     | user=cliente_001          network_delay=0.6015s
2026-06-08T07:14:31 UTC | INFO     | AUTH_OK  | user=cliente_001          account=MX-4821-0001 type=PREMIUM
2026-06-08T07:14:31 UTC | INFO     | REQUEST  | method=POST   endpoint=/api/v1/auth/login                  status=200 latency=  601.97ms
2026-06-08T07:14:31 UTC | INFO     | AUTH     | user=cliente_001          network_delay=0.3513s
2026-06-08T07:14:31 UTC | INFO     | AUTH_OK  | user=cliente_001          account=MX-4821-0001 type=PREMIUM
2026-06-08T07:14:31 UTC | INFO     | REQUEST  | method=POST   endpoint=/api/v1/auth/login                  status=200 latency=  372.00ms
2026-06-08T07:14:31 UTC | INFO     | AUTH     | user=cliente_001          network_delay=0.4279s
2026-06-08T07:14:31 UTC | INFO     | AUTH_OK  | user=cliente_001          account=MX-4821-0001 type=PREMIUM
2026-06-08T07:14:31 UTC | INFO     | REQUEST  | method=POST   endpoint=/api/v1/auth/login                  status=200 latency=  428.98ms
2026-06-08T07:14:33 UTC | INFO     | AUTH     | user=cliente_001          network_delay=1.1469s
2026-06-08T07:14:33 UTC | INFO     | AUTH_OK  | user=cliente_001          account=MX-4821-0001 type=PREMIUM
2026-06-08T07:14:33 UTC | INFO     | REQUEST  | method=POST   endpoint=/api/v1/auth/login                  status=200 latency= 1148.61ms
2026-06-08T07:14:34 UTC | INFO     | AUTH     | user=cliente_001          network_delay=1.0200s
2026-06-08T07:14:34 UTC | INFO     | AUTH_OK  | user=cliente_001          account=MX-4821-0001 type=PREMIUM
2026-06-08T07:14:34 UTC | INFO     | REQUEST  | method=POST   endpoint=/api/v1/auth/login                  status=200 latency= 1024.21ms
2026-06-08T07:14:34 UTC | INFO     | AUTH     | user=cliente_001          network_delay=0.5498s
2026-06-08T07:14:34 UTC | INFO     | AUTH_OK  | user=cliente_001          account=MX-4821-0001 type=PREMIUM
2026-06-08T07:14:34 UTC | INFO     | REQUEST  | method=POST   endpoint=/api/v1/auth/login                  status=200 latency=  553.34ms
2026-06-08T07:14:35 UTC | INFO     | AUTH     | user=cliente_001          network_delay=0.2730s
2026-06-08T07:14:35 UTC | INFO     | AUTH_OK  | user=cliente_001          account=MX-4821-0001 type=PREMIUM
2026-06-08T07:14:35 UTC | INFO     | REQUEST  | method=POST   endpoint=/api/v1/auth/login                  status=200 latency=  275.89ms
2026-06-08T07:14:35 UTC | INFO     | AUTH     | user=cliente_001          network_delay=0.6759s
2026-06-08T07:14:35 UTC | INFO     | AUTH_OK  | user=cliente_001          account=MX-4821-0001 type=PREMIUM
2026-06-08T07:14:35 UTC | INFO     | REQUEST  | method=POST   endpoint=/api/v1/auth/login                  status=200 latency=  679.73ms
2026-06-08T07:14:36 UTC | INFO     | AUTH     | user=cliente_001          network_delay=1.1041s
2026-06-08T07:14:36 UTC | INFO     | AUTH_OK  | user=cliente_001          account=MX-4821-0001 type=PREMIUM
2026-06-08T07:14:36 UTC | INFO     | REQUEST  | method=POST   endpoint=/api/v1/auth/login                  status=200 latency= 1105.83ms
2026-06-08T07:14:37 UTC | INFO     | AUTH     | user=cliente_001          network_delay=0.6620s
2026-06-08T07:14:37 UTC | INFO     | AUTH_OK  | user=cliente_001          account=MX-4821-0001 type=PREMIUM
2026-06-08T07:14:37 UTC | INFO     | REQUEST  | method=POST   endpoint=/api/v1/auth/login                  status=200 latency=  672.18ms
2026-06-08T07:14:38 UTC | INFO     | AUTH     | user=cliente_001          network_delay=0.9549s
2026-06-08T07:14:38 UTC | INFO     | AUTH_OK  | user=cliente_001          account=MX-4821-0001 type=PREMIUM
2026-06-08T07:14:38 UTC | INFO     | REQUEST  | method=POST   endpoint=/api/v1/auth/login                  status=200 latency=  957.41ms
2026-06-08T07:14:38 UTC | INFO     | AUTH     | user=cliente_001          network_delay=0.1347s
2026-06-08T07:14:38 UTC | INFO     | AUTH_OK  | user=cliente_001          account=MX-4821-0001 type=PREMIUM
2026-06-08T07:14:38 UTC | INFO     | REQUEST  | method=POST   endpoint=/api/v1/auth/login                  status=200 latency=  137.51ms
2026-06-08T07:14:39 UTC | INFO     | AUTH     | user=cliente_001          network_delay=0.9091s
2026-06-08T07:14:39 UTC | INFO     | AUTH_OK  | user=cliente_001          account=MX-4821-0001 type=PREMIUM
2026-06-08T07:14:39 UTC | INFO     | REQUEST  | method=POST   endpoint=/api/v1/auth/login                  status=200 latency=  911.18ms
2026-06-08T07:14:40 UTC | INFO     | AUTH     | user=cliente_001          network_delay=0.8609s
2026-06-08T07:14:40 UTC | INFO     | AUTH_OK  | user=cliente_001          account=MX-4821-0001 type=PREMIUM
2026-06-08T07:14:40 UTC | INFO     | REQUEST  | method=POST   endpoint=/api/v1/auth/login                  status=200 latency=  864.19ms
2026-06-08T07:14:41 UTC | INFO     | AUTH     | user=cliente_001          network_delay=1.1022s
2026-06-08T07:14:41 UTC | INFO     | AUTH_OK  | user=cliente_001          account=MX-4821-0001 type=PREMIUM
2026-06-08T07:14:41 UTC | INFO     | REQUEST  | method=POST   endpoint=/api/v1/auth/login                  status=200 latency= 1106.07ms
2026-06-08T07:14:41 UTC | INFO     | AUTH     | user=cliente_001          network_delay=0.2321s
2026-06-08T07:14:41 UTC | INFO     | AUTH_OK  | user=cliente_001          account=MX-4821-0001 type=PREMIUM
2026-06-08T07:14:41 UTC | INFO     | REQUEST  | method=POST   endpoint=/api/v1/auth/login                  status=200 latency=  234.99ms
2026-06-08T07:14:43 UTC | INFO     | AUTH     | user=cliente_001          network_delay=1.4704s
2026-06-08T07:14:43 UTC | INFO     | AUTH_OK  | user=cliente_001          account=MX-4821-0001 type=PREMIUM
2026-06-08T07:14:43 UTC | INFO     | REQUEST  | method=POST   endpoint=/api/v1/auth/login                  status=200 latency= 1471.46ms
2026-06-08T07:14:44 UTC | INFO     | AUTH     | user=cliente_001          network_delay=0.7530s
2026-06-08T07:14:44 UTC | INFO     | AUTH_OK  | user=cliente_001          account=MX-4821-0001 type=PREMIUM
2026-06-08T07:14:44 UTC | INFO     | REQUEST  | method=POST   endpoint=/api/v1/auth/login                  status=200 latency=  758.80ms
2026-06-08T07:14:44 UTC | INFO     | AUTH     | user=cliente_001          network_delay=0.6660s
2026-06-08T07:14:44 UTC | INFO     | AUTH_OK  | user=cliente_001          account=MX-4821-0001 type=PREMIUM
2026-06-08T07:14:44 UTC | INFO     | REQUEST  | method=POST   endpoint=/api/v1/auth/login                  status=200 latency=  666.38ms
2026-06-08T07:14:45 UTC | INFO     | AUTH     | user=cliente_001          network_delay=0.1120s
2026-06-08T07:14:45 UTC | INFO     | AUTH_OK  | user=cliente_001          account=MX-4821-0001 type=PREMIUM
2026-06-08T07:14:45 UTC | INFO     | REQUEST  | method=POST   endpoint=/api/v1/auth/login                  status=200 latency=  116.40ms
2026-06-08T07:14:46 UTC | INFO     | AUTH     | user=cliente_001          network_delay=0.9465s
2026-06-08T07:14:46 UTC | INFO     | AUTH_OK  | user=cliente_001          account=MX-4821-0001 type=PREMIUM
2026-06-08T07:14:46 UTC | INFO     | REQUEST  | method=POST   endpoint=/api/v1/auth/login                  status=200 latency=  949.24ms
2026-06-08T07:14:57 UTC | INFO     | REQUEST  | method=GET    endpoint=/                                   status=200 latency=    0.31ms
2026-06-08T07:15:27 UTC | INFO     | REQUEST  | method=GET    endpoint=/                                   status=200 latency=    0.44ms
2026-06-08T07:15:58 UTC | INFO     | REQUEST  | method=GET    endpoint=/                                   status=200 latency=    0.30ms
2026-06-08T07:16:28 UTC | INFO     | REQUEST  | method=GET    endpoint=/                                   status=200 latency=    0.29ms
2026-06-08T07:16:59 UTC | INFO     | REQUEST  | method=GET    endpoint=/                                   status=200 latency=    1.36ms
2026-06-08T07:17:29 UTC | INFO     | REQUEST  | method=GET    endpoint=/                                   status=200 latency=    0.43ms
2026-06-08T07:18:00 UTC | INFO     | REQUEST  | method=GET    endpoint=/                                   status=200 latency=    0.39ms
2026-06-08T07:18:30 UTC | INFO     | REQUEST  | method=GET    endpoint=/                                   status=200 latency=    0.87ms
2026-06-08T07:19:01 UTC | INFO     | REQUEST  | method=GET    endpoint=/                                   status=200 latency=    0.27ms
2026-06-08T07:19:31 UTC | INFO     | REQUEST  | method=GET    endpoint=/                                   status=200 latency=    0.33ms
2026-06-08T07:20:02 UTC | INFO     | REQUEST  | method=GET    endpoint=/                                   status=200 latency=    0.38ms
2026-06-08T07:20:32 UTC | INFO     | REQUEST  | method=GET    endpoint=/                                   status=200 latency=    0.34ms
2026-06-08T07:21:03 UTC | INFO     | REQUEST  | method=GET    endpoint=/                                   status=200 latency=    0.31ms
2026-06-08T07:21:33 UTC | INFO     | REQUEST  | method=GET    endpoint=/                                   status=200 latency=    3.64ms
2026-06-08T07:22:03 UTC | INFO     | REQUEST  | method=GET    endpoint=/                                   status=200 latency=    3.47ms
2026-06-08T07:22:34 UTC | INFO     | REQUEST  | method=GET    endpoint=/                                   status=200 latency=    0.66ms
2026-06-08T07:23:04 UTC | INFO     | REQUEST  | method=GET    endpoint=/                                   status=200 latency=    2.00ms
2026-06-08T07:23:35 UTC | INFO     | REQUEST  | method=GET    endpoint=/                                   status=200 latency=    0.29ms
2026-06-08T07:24:05 UTC | INFO     | REQUEST  | method=GET    endpoint=/                                   status=200 latency=    1.49ms
2026-06-08T07:24:36 UTC | INFO     | REQUEST  | method=GET    endpoint=/                                   status=200 latency=    0.62ms
2026-06-08T07:25:06 UTC | INFO     | REQUEST  | method=GET    endpoint=/                                   status=200 latency=    1.50ms
2026-06-08T07:25:36 UTC | INFO     | REQUEST  | method=GET    endpoint=/                                   status=200 latency=    0.55ms
2026-06-08T07:26:07 UTC | INFO     | REQUEST  | method=GET    endpoint=/                                   status=200 latency=    0.37ms
2026-06-08T07:26:38 UTC | INFO     | REQUEST  | method=GET    endpoint=/                                   status=200 latency=    0.41ms
2026-06-08T07:27:08 UTC | INFO     | REQUEST  | method=GET    endpoint=/                                   status=200 latency=    0.68ms
2026-06-08T07:27:39 UTC | INFO     | REQUEST  | method=GET    endpoint=/                                   status=200 latency=    4.09ms
2026-06-08T07:28:09 UTC | INFO     | REQUEST  | method=GET    endpoint=/                                   status=200 latency=    0.33ms
2026-06-08T07:28:40 UTC | INFO     | REQUEST  | method=GET    endpoint=/                                   status=200 latency=    0.62ms
2026-06-08T07:29:10 UTC | INFO     | REQUEST  | method=GET    endpoint=/                                   status=200 latency=    0.42ms
2026-06-08T07:29:41 UTC | INFO     | REQUEST  | method=GET    endpoint=/                                   status=200 latency=    0.37ms
2026-06-08T07:30:11 UTC | INFO     | REQUEST  | method=GET    endpoint=/                                   status=200 latency=    0.44ms
2026-06-08T07:30:42 UTC | INFO     | REQUEST  | method=GET    endpoint=/                                   status=200 latency=    0.64ms
2026-06-08T07:31:12 UTC | INFO     | REQUEST  | method=GET    endpoint=/                                   status=200 latency=    0.38ms
2026-06-08T07:31:43 UTC | INFO     | REQUEST  | method=GET    endpoint=/                                   status=200 latency=    0.28ms
2026-06-08T07:32:13 UTC | INFO     | REQUEST  | method=GET    endpoint=/                                   status=200 latency=    0.34ms
2026-06-08T07:32:44 UTC | INFO     | REQUEST  | method=GET    endpoint=/                                   status=200 latency=    1.55ms
2026-06-08T07:33:14 UTC | INFO     | REQUEST  | method=GET    endpoint=/                                   status=200 latency=    0.43ms
2026-06-08T07:33:45 UTC | INFO     | REQUEST  | method=GET    endpoint=/                                   status=200 latency=    0.35ms
2026-06-08T07:34:15 UTC | INFO     | REQUEST  | method=GET    endpoint=/                                   status=200 latency=    0.54ms
2026-06-08T07:34:46 UTC | INFO     | REQUEST  | method=GET    endpoint=/                                   status=200 latency=    0.49ms
2026-06-08T07:35:16 UTC | INFO     | REQUEST  | method=GET    endpoint=/                                   status=200 latency=    0.32ms
2026-06-08T07:35:47 UTC | INFO     | REQUEST  | method=GET    endpoint=/                                   status=200 latency=    0.38ms
2026-06-08T07:36:17 UTC | INFO     | REQUEST  | method=GET    endpoint=/                                   status=200 latency=    0.30ms
2026-06-08T07:36:48 UTC | INFO     | REQUEST  | method=GET    endpoint=/                                   status=200 latency=    0.32ms
2026-06-08T07:37:18 UTC | INFO     | REQUEST  | method=GET    endpoint=/                                   status=200 latency=    0.99ms
2026-06-08T07:37:49 UTC | INFO     | REQUEST  | method=GET    endpoint=/                                   status=200 latency=    0.27ms
2026-06-08T07:38:19 UTC | INFO     | REQUEST  | method=GET    endpoint=/                                   status=200 latency=    0.58ms
2026-06-08T07:38:50 UTC | INFO     | REQUEST  | method=GET    endpoint=/                                   status=200 latency=    0.42ms
2026-06-08T07:39:20 UTC | INFO     | REQUEST  | method=GET    endpoint=/                                   status=200 latency=    1.08ms
2026-06-08T07:39:50 UTC | INFO     | REQUEST  | method=GET    endpoint=/                                   status=200 latency=    2.24ms
2026-06-08T07:40:22 UTC | INFO     | REQUEST  | method=GET    endpoint=/                                   status=200 latency=    0.28ms
2026-06-08T07:40:38 UTC | INFO     | AUTH     | user=cliente_001          network_delay=1.4348s
2026-06-08T07:40:38 UTC | INFO     | AUTH_OK  | user=cliente_001          account=MX-4821-0001 type=PREMIUM
2026-06-08T07:40:38 UTC | INFO     | REQUEST  | method=POST   endpoint=/api/v1/auth/login                  status=200 latency= 1473.72ms
2026-06-08T07:40:38 UTC | INFO     | AUTH     | user=cliente_001          network_delay=0.7775s
2026-06-08T07:40:38 UTC | INFO     | AUTH_OK  | user=cliente_001          account=MX-4821-0001 type=PREMIUM
2026-06-08T07:40:38 UTC | INFO     | REQUEST  | method=POST   endpoint=/api/v1/auth/login                  status=200 latency=  780.66ms
2026-06-08T07:40:39 UTC | INFO     | AUTH     | user=cliente_001          network_delay=0.3427s
2026-06-08T07:40:39 UTC | INFO     | AUTH_OK  | user=cliente_001          account=MX-4821-0001 type=PREMIUM
2026-06-08T07:40:39 UTC | INFO     | REQUEST  | method=POST   endpoint=/api/v1/auth/login                  status=200 latency=  345.82ms
2026-06-08T07:40:40 UTC | INFO     | AUTH     | user=cliente_001          network_delay=0.8194s
2026-06-08T07:40:40 UTC | INFO     | AUTH_OK  | user=cliente_001          account=MX-4821-0001 type=PREMIUM
2026-06-08T07:40:40 UTC | INFO     | REQUEST  | method=POST   endpoint=/api/v1/auth/login                  status=200 latency=  824.02ms
2026-06-08T07:40:41 UTC | INFO     | AUTH     | user=cliente_001          network_delay=0.9788s
2026-06-08T07:40:41 UTC | INFO     | AUTH_OK  | user=cliente_001          account=MX-4821-0001 type=PREMIUM
2026-06-08T07:40:41 UTC | INFO     | REQUEST  | method=POST   endpoint=/api/v1/auth/login                  status=200 latency=  984.07ms
2026-06-08T07:40:42 UTC | INFO     | AUTH     | user=cliente_001          network_delay=1.4360s
2026-06-08T07:40:42 UTC | INFO     | AUTH_OK  | user=cliente_001          account=MX-4821-0001 type=PREMIUM
2026-06-08T07:40:42 UTC | INFO     | REQUEST  | method=POST   endpoint=/api/v1/auth/login                  status=200 latency= 1440.90ms
2026-06-08T07:40:43 UTC | INFO     | AUTH     | user=cliente_001          network_delay=0.7856s
2026-06-08T07:40:43 UTC | INFO     | AUTH_OK  | user=cliente_001          account=MX-4821-0001 type=PREMIUM
2026-06-08T07:40:43 UTC | INFO     | REQUEST  | method=POST   endpoint=/api/v1/auth/login                  status=200 latency=  791.21ms
2026-06-08T07:40:44 UTC | INFO     | AUTH     | user=cliente_001          network_delay=1.0768s
2026-06-08T07:40:44 UTC | INFO     | AUTH_OK  | user=cliente_001          account=MX-4821-0001 type=PREMIUM
2026-06-08T07:40:44 UTC | INFO     | REQUEST  | method=POST   endpoint=/api/v1/auth/login                  status=200 latency= 1083.27ms
2026-06-08T07:40:45 UTC | INFO     | AUTH     | user=cliente_001          network_delay=0.8492s
2026-06-08T07:40:45 UTC | INFO     | AUTH_OK  | user=cliente_001          account=MX-4821-0001 type=PREMIUM
2026-06-08T07:40:45 UTC | INFO     | REQUEST  | method=POST   endpoint=/api/v1/auth/login                  status=200 latency=  854.04ms
2026-06-08T07:40:46 UTC | INFO     | AUTH     | user=cliente_001          network_delay=1.0295s
2026-06-08T07:40:46 UTC | INFO     | AUTH_OK  | user=cliente_001          account=MX-4821-0001 type=PREMIUM
2026-06-08T07:40:46 UTC | INFO     | REQUEST  | method=POST   endpoint=/api/v1/auth/login                  status=200 latency= 1034.67ms
2026-06-08T07:40:46 UTC | INFO     | AUTH     | user=cliente_001          network_delay=0.1931s
2026-06-08T07:40:46 UTC | INFO     | AUTH_OK  | user=cliente_001          account=MX-4821-0001 type=PREMIUM
2026-06-08T07:40:46 UTC | INFO     | REQUEST  | method=POST   endpoint=/api/v1/auth/login                  status=200 latency=  195.22ms
2026-06-08T07:40:47 UTC | INFO     | AUTH     | user=cliente_001          network_delay=0.5851s
2026-06-08T07:40:47 UTC | INFO     | AUTH_OK  | user=cliente_001          account=MX-4821-0001 type=PREMIUM
2026-06-08T07:40:47 UTC | INFO     | REQUEST  | method=POST   endpoint=/api/v1/auth/login                  status=200 latency=  589.93ms
2026-06-08T07:40:48 UTC | INFO     | AUTH     | user=cliente_001          network_delay=1.0589s
2026-06-08T07:40:48 UTC | INFO     | AUTH_OK  | user=cliente_001          account=MX-4821-0001 type=PREMIUM
2026-06-08T07:40:48 UTC | INFO     | REQUEST  | method=POST   endpoint=/api/v1/auth/login                  status=200 latency= 1062.82ms
2026-06-08T07:40:49 UTC | INFO     | AUTH     | user=cliente_001          network_delay=1.3335s
2026-06-08T07:40:49 UTC | INFO     | AUTH_OK  | user=cliente_001          account=MX-4821-0001 type=PREMIUM
2026-06-08T07:40:49 UTC | INFO     | REQUEST  | method=POST   endpoint=/api/v1/auth/login                  status=200 latency= 1335.47ms
2026-06-08T07:40:50 UTC | INFO     | AUTH     | user=cliente_001          network_delay=0.7168s
2026-06-08T07:40:50 UTC | INFO     | AUTH_OK  | user=cliente_001          account=MX-4821-0001 type=PREMIUM
2026-06-08T07:40:50 UTC | INFO     | REQUEST  | method=POST   endpoint=/api/v1/auth/login                  status=200 latency=  722.60ms
2026-06-08T07:40:51 UTC | INFO     | AUTH     | user=cliente_001          network_delay=1.0941s
2026-06-08T07:40:51 UTC | INFO     | AUTH_OK  | user=cliente_001          account=MX-4821-0001 type=PREMIUM
2026-06-08T07:40:51 UTC | INFO     | REQUEST  | method=POST   endpoint=/api/v1/auth/login                  status=200 latency= 1098.55ms
2026-06-08T07:40:52 UTC | INFO     | AUTH     | user=cliente_001          network_delay=0.7817s
2026-06-08T07:40:52 UTC | INFO     | AUTH_OK  | user=cliente_001          account=MX-4821-0001 type=PREMIUM
2026-06-08T07:40:52 UTC | INFO     | REQUEST  | method=POST   endpoint=/api/v1/auth/login                  status=200 latency=  785.25ms
2026-06-08T07:40:52 UTC | INFO     | REQUEST  | method=GET    endpoint=/                                   status=200 latency=    0.31ms
2026-06-08T07:40:53 UTC | INFO     | AUTH     | user=cliente_001          network_delay=1.3926s
2026-06-08T07:40:53 UTC | INFO     | AUTH_OK  | user=cliente_001          account=MX-4821-0001 type=PREMIUM
2026-06-08T07:40:53 UTC | INFO     | REQUEST  | method=POST   endpoint=/api/v1/auth/login                  status=200 latency= 1394.43ms
2026-06-08T07:40:54 UTC | INFO     | AUTH     | user=cliente_001          network_delay=0.2240s
2026-06-08T07:40:54 UTC | INFO     | AUTH_OK  | user=cliente_001          account=MX-4821-0001 type=PREMIUM
2026-06-08T07:40:54 UTC | INFO     | REQUEST  | method=POST   endpoint=/api/v1/auth/login                  status=200 latency=  227.19ms
2026-06-08T07:40:55 UTC | INFO     | AUTH     | user=cliente_001          network_delay=1.0547s
2026-06-08T07:40:55 UTC | INFO     | AUTH_OK  | user=cliente_001          account=MX-4821-0001 type=PREMIUM
2026-06-08T07:40:55 UTC | INFO     | REQUEST  | method=POST   endpoint=/api/v1/auth/login                  status=200 latency= 1056.81ms
2026-06-08T07:40:56 UTC | INFO     | AUTH     | user=cliente_001          network_delay=1.4590s
2026-06-08T07:40:56 UTC | INFO     | AUTH_OK  | user=cliente_001          account=MX-4821-0001 type=PREMIUM
2026-06-08T07:40:56 UTC | INFO     | REQUEST  | method=POST   endpoint=/api/v1/auth/login                  status=200 latency= 1464.43ms
2026-06-08T07:40:57 UTC | INFO     | AUTH     | user=cliente_001          network_delay=0.9624s
2026-06-08T07:40:57 UTC | INFO     | AUTH_OK  | user=cliente_001          account=MX-4821-0001 type=PREMIUM
2026-06-08T07:40:57 UTC | INFO     | REQUEST  | method=POST   endpoint=/api/v1/auth/login                  status=200 latency=  967.50ms
2026-06-08T07:40:58 UTC | INFO     | AUTH     | user=cliente_001          network_delay=0.6889s
2026-06-08T07:40:58 UTC | INFO     | AUTH_OK  | user=cliente_001          account=MX-4821-0001 type=PREMIUM
2026-06-08T07:40:58 UTC | INFO     | REQUEST  | method=POST   endpoint=/api/v1/auth/login                  status=200 latency=  693.98ms
2026-06-08T07:40:58 UTC | INFO     | AUTH     | user=cliente_001          network_delay=0.2134s
2026-06-08T07:40:58 UTC | INFO     | AUTH_OK  | user=cliente_001          account=MX-4821-0001 type=PREMIUM
2026-06-08T07:40:58 UTC | INFO     | REQUEST  | method=POST   endpoint=/api/v1/auth/login                  status=200 latency=  217.13ms
2026-06-08T07:40:59 UTC | INFO     | AUTH     | user=cliente_001          network_delay=1.1412s
2026-06-08T07:40:59 UTC | INFO     | AUTH_OK  | user=cliente_001          account=MX-4821-0001 type=PREMIUM
2026-06-08T07:40:59 UTC | INFO     | REQUEST  | method=POST   endpoint=/api/v1/auth/login                  status=200 latency= 1151.73ms
2026-06-08T07:41:00 UTC | INFO     | AUTH     | user=cliente_001          network_delay=1.2528s
2026-06-08T07:41:00 UTC | INFO     | AUTH_OK  | user=cliente_001          account=MX-4821-0001 type=PREMIUM
2026-06-08T07:41:00 UTC | INFO     | REQUEST  | method=POST   endpoint=/api/v1/auth/login                  status=200 latency= 1256.26ms
2026-06-08T07:41:01 UTC | INFO     | AUTH     | user=cliente_001          network_delay=0.3109s
2026-06-08T07:41:01 UTC | INFO     | AUTH_OK  | user=cliente_001          account=MX-4821-0001 type=PREMIUM
2026-06-08T07:41:01 UTC | INFO     | REQUEST  | method=POST   endpoint=/api/v1/auth/login                  status=200 latency=  317.48ms
2026-06-08T07:41:02 UTC | INFO     | AUTH     | user=cliente_001          network_delay=0.9736s
2026-06-08T07:41:02 UTC | INFO     | AUTH_OK  | user=cliente_001          account=MX-4821-0001 type=PREMIUM
2026-06-08T07:41:02 UTC | INFO     | REQUEST  | method=POST   endpoint=/api/v1/auth/login                  status=200 latency=  979.16ms
2026-06-08T07:41:03 UTC | INFO     | AUTH     | user=cliente_001          network_delay=1.1760s
2026-06-08T07:41:03 UTC | INFO     | AUTH_OK  | user=cliente_001          account=MX-4821-0001 type=PREMIUM
2026-06-08T07:41:03 UTC | INFO     | REQUEST  | method=POST   endpoint=/api/v1/auth/login                  status=200 latency= 1180.77ms
2026-06-08T07:41:04 UTC | INFO     | AUTH     | user=cliente_001          network_delay=1.2934s
2026-06-08T07:41:04 UTC | INFO     | AUTH_OK  | user=cliente_001          account=MX-4821-0001 type=PREMIUM
2026-06-08T07:41:04 UTC | INFO     | REQUEST  | method=POST   endpoint=/api/v1/auth/login                  status=200 latency= 1294.97ms
2026-06-08T07:41:23 UTC | INFO     | REQUEST  | method=GET    endpoint=/                                   status=200 latency=    0.72ms
2026-06-08T07:41:53 UTC | INFO     | REQUEST  | method=GET    endpoint=/                                   status=200 latency=    0.30ms
2026-06-08T07:42:06 UTC | INFO     | AUTH     | user=cliente_001          network_delay=0.1694s
2026-06-08T07:42:06 UTC | INFO     | AUTH_OK  | user=cliente_001          account=MX-4821-0001 type=PREMIUM
2026-06-08T07:42:06 UTC | INFO     | REQUEST  | method=POST   endpoint=/api/v1/auth/login                  status=200 latency=  172.08ms
2026-06-08T07:42:07 UTC | INFO     | AUTH     | user=cliente_001          network_delay=0.8703s
2026-06-08T07:42:07 UTC | INFO     | AUTH_OK  | user=cliente_001          account=MX-4821-0001 type=PREMIUM
2026-06-08T07:42:07 UTC | INFO     | REQUEST  | method=POST   endpoint=/api/v1/auth/login                  status=200 latency=  870.98ms
2026-06-08T07:42:08 UTC | INFO     | AUTH     | user=cliente_001          network_delay=0.5577s
2026-06-08T07:42:08 UTC | INFO     | AUTH_OK  | user=cliente_001          account=MX-4821-0001 type=PREMIUM
2026-06-08T07:42:08 UTC | INFO     | REQUEST  | method=POST   endpoint=/api/v1/auth/login                  status=200 latency=  562.28ms
2026-06-08T07:42:08 UTC | INFO     | AUTH     | user=cliente_001          network_delay=0.5422s
2026-06-08T07:42:08 UTC | INFO     | AUTH_OK  | user=cliente_001          account=MX-4821-0001 type=PREMIUM
2026-06-08T07:42:08 UTC | INFO     | REQUEST  | method=POST   endpoint=/api/v1/auth/login                  status=200 latency=  545.82ms
2026-06-08T07:42:09 UTC | INFO     | AUTH     | user=cliente_001          network_delay=0.4316s
2026-06-08T07:42:09 UTC | INFO     | AUTH_OK  | user=cliente_001          account=MX-4821-0001 type=PREMIUM
2026-06-08T07:42:09 UTC | INFO     | REQUEST  | method=POST   endpoint=/api/v1/auth/login                  status=200 latency=  439.34ms
2026-06-08T07:42:10 UTC | INFO     | AUTH     | user=cliente_001          network_delay=1.4570s
2026-06-08T07:42:10 UTC | INFO     | AUTH_OK  | user=cliente_001          account=MX-4821-0001 type=PREMIUM
2026-06-08T07:42:10 UTC | INFO     | REQUEST  | method=POST   endpoint=/api/v1/auth/login                  status=200 latency= 1466.48ms
2026-06-08T07:42:12 UTC | INFO     | AUTH     | user=cliente_001          network_delay=1.4677s
2026-06-08T07:42:12 UTC | INFO     | AUTH_OK  | user=cliente_001          account=MX-4821-0001 type=PREMIUM
2026-06-08T07:42:12 UTC | INFO     | REQUEST  | method=POST   endpoint=/api/v1/auth/login                  status=200 latency= 1471.65ms
2026-06-08T07:42:12 UTC | INFO     | AUTH     | user=cliente_001          network_delay=0.6064s
2026-06-08T07:42:12 UTC | INFO     | AUTH_OK  | user=cliente_001          account=MX-4821-0001 type=PREMIUM
2026-06-08T07:42:12 UTC | INFO     | REQUEST  | method=POST   endpoint=/api/v1/auth/login                  status=200 latency=  610.94ms
2026-06-08T07:42:13 UTC | INFO     | AUTH     | user=cliente_001          network_delay=0.3048s
2026-06-08T07:42:13 UTC | INFO     | AUTH_OK  | user=cliente_001          account=MX-4821-0001 type=PREMIUM
2026-06-08T07:42:13 UTC | INFO     | REQUEST  | method=POST   endpoint=/api/v1/auth/login                  status=200 latency=  310.12ms
2026-06-08T07:42:13 UTC | INFO     | AUTH     | user=cliente_001          network_delay=0.3814s
2026-06-08T07:42:13 UTC | INFO     | AUTH_OK  | user=cliente_001          account=MX-4821-0001 type=PREMIUM
2026-06-08T07:42:13 UTC | INFO     | REQUEST  | method=POST   endpoint=/api/v1/auth/login                  status=200 latency=  385.93ms
2026-06-08T07:42:14 UTC | INFO     | AUTH     | user=cliente_001          network_delay=1.2304s
2026-06-08T07:42:14 UTC | INFO     | AUTH_OK  | user=cliente_001          account=MX-4821-0001 type=PREMIUM
2026-06-08T07:42:14 UTC | INFO     | REQUEST  | method=POST   endpoint=/api/v1/auth/login                  status=200 latency= 1248.96ms
2026-06-08T07:42:16 UTC | INFO     | AUTH     | user=cliente_001          network_delay=1.0699s
2026-06-08T07:42:16 UTC | INFO     | AUTH_OK  | user=cliente_001          account=MX-4821-0001 type=PREMIUM
2026-06-08T07:42:16 UTC | INFO     | REQUEST  | method=POST   endpoint=/api/v1/auth/login                  status=200 latency= 1074.49ms
2026-06-08T07:42:17 UTC | INFO     | AUTH     | user=cliente_001          network_delay=1.1032s
2026-06-08T07:42:17 UTC | INFO     | AUTH_OK  | user=cliente_001          account=MX-4821-0001 type=PREMIUM
2026-06-08T07:42:17 UTC | INFO     | REQUEST  | method=POST   endpoint=/api/v1/auth/login                  status=200 latency= 1107.97ms
2026-06-08T07:42:18 UTC | INFO     | AUTH     | user=cliente_001          network_delay=1.1163s
2026-06-08T07:42:18 UTC | INFO     | AUTH_OK  | user=cliente_001          account=MX-4821-0001 type=PREMIUM
2026-06-08T07:42:18 UTC | INFO     | REQUEST  | method=POST   endpoint=/api/v1/auth/login                  status=200 latency= 1120.98ms
2026-06-08T07:42:19 UTC | INFO     | AUTH     | user=cliente_001          network_delay=1.3638s
2026-06-08T07:42:19 UTC | INFO     | AUTH_OK  | user=cliente_001          account=MX-4821-0001 type=PREMIUM
2026-06-08T07:42:19 UTC | INFO     | REQUEST  | method=POST   endpoint=/api/v1/auth/login                  status=200 latency= 1367.72ms
2026-06-08T07:42:20 UTC | INFO     | AUTH     | user=cliente_001          network_delay=0.6883s
2026-06-08T07:42:20 UTC | INFO     | AUTH_OK  | user=cliente_001          account=MX-4821-0001 type=PREMIUM
2026-06-08T07:42:20 UTC | INFO     | REQUEST  | method=POST   endpoint=/api/v1/auth/login                  status=200 latency=  691.04ms
2026-06-08T07:42:21 UTC | INFO     | AUTH     | user=cliente_001          network_delay=1.4517s
2026-06-08T07:42:21 UTC | INFO     | AUTH_OK  | user=cliente_001          account=MX-4821-0001 type=PREMIUM
2026-06-08T07:42:21 UTC | INFO     | REQUEST  | method=POST   endpoint=/api/v1/auth/login                  status=200 latency= 1456.37ms
2026-06-08T07:42:22 UTC | INFO     | AUTH     | user=cliente_001          network_delay=0.8893s
2026-06-08T07:42:22 UTC | INFO     | AUTH_OK  | user=cliente_001          account=MX-4821-0001 type=PREMIUM
2026-06-08T07:42:22 UTC | INFO     | REQUEST  | method=POST   endpoint=/api/v1/auth/login                  status=200 latency=  894.56ms
2026-06-08T07:42:22 UTC | INFO     | AUTH     | user=cliente_001          network_delay=0.1844s
2026-06-08T07:42:22 UTC | INFO     | AUTH_OK  | user=cliente_001          account=MX-4821-0001 type=PREMIUM
2026-06-08T07:42:22 UTC | INFO     | REQUEST  | method=POST   endpoint=/api/v1/auth/login                  status=200 latency=  190.69ms
2026-06-08T07:42:23 UTC | INFO     | AUTH     | user=cliente_001          network_delay=0.7763s
2026-06-08T07:42:23 UTC | INFO     | AUTH_OK  | user=cliente_001          account=MX-4821-0001 type=PREMIUM
2026-06-08T07:42:23 UTC | INFO     | REQUEST  | method=POST   endpoint=/api/v1/auth/login                  status=200 latency=  780.78ms
2026-06-08T07:42:24 UTC | INFO     | AUTH     | user=cliente_001          network_delay=0.3147s
2026-06-08T07:42:24 UTC | INFO     | AUTH_OK  | user=cliente_001          account=MX-4821-0001 type=PREMIUM
2026-06-08T07:42:24 UTC | INFO     | REQUEST  | method=POST   endpoint=/api/v1/auth/login                  status=200 latency=  318.91ms
2026-06-08T07:42:24 UTC | INFO     | REQUEST  | method=GET    endpoint=/                                   status=200 latency=    0.31ms
2026-06-08T07:42:24 UTC | INFO     | AUTH     | user=cliente_001          network_delay=0.2109s
2026-06-08T07:42:24 UTC | INFO     | AUTH_OK  | user=cliente_001          account=MX-4821-0001 type=PREMIUM
2026-06-08T07:42:24 UTC | INFO     | REQUEST  | method=POST   endpoint=/api/v1/auth/login                  status=200 latency=  216.08ms
2026-06-08T07:42:25 UTC | INFO     | AUTH     | user=cliente_001          network_delay=1.4519s
2026-06-08T07:42:25 UTC | INFO     | AUTH_OK  | user=cliente_001          account=MX-4821-0001 type=PREMIUM
2026-06-08T07:42:25 UTC | INFO     | REQUEST  | method=POST   endpoint=/api/v1/auth/login                  status=200 latency= 1457.44ms
2026-06-08T07:42:26 UTC | INFO     | AUTH     | user=cliente_001          network_delay=0.6897s
2026-06-08T07:42:26 UTC | INFO     | AUTH_OK  | user=cliente_001          account=MX-4821-0001 type=PREMIUM
2026-06-08T07:42:26 UTC | INFO     | REQUEST  | method=POST   endpoint=/api/v1/auth/login                  status=200 latency=  694.19ms
2026-06-08T07:42:27 UTC | INFO     | AUTH     | user=cliente_001          network_delay=1.3396s
2026-06-08T07:42:27 UTC | INFO     | AUTH_OK  | user=cliente_001          account=MX-4821-0001 type=PREMIUM
2026-06-08T07:42:27 UTC | INFO     | REQUEST  | method=POST   endpoint=/api/v1/auth/login                  status=200 latency= 1342.43ms
2026-06-08T07:42:28 UTC | INFO     | AUTH     | user=cliente_001          network_delay=0.3906s
2026-06-08T07:42:28 UTC | INFO     | AUTH_OK  | user=cliente_001          account=MX-4821-0001 type=PREMIUM
2026-06-08T07:42:28 UTC | INFO     | REQUEST  | method=POST   endpoint=/api/v1/auth/login                  status=200 latency=  393.77ms
2026-06-08T07:42:28 UTC | INFO     | AUTH     | user=cliente_001          network_delay=0.4916s
2026-06-08T07:42:28 UTC | INFO     | AUTH_OK  | user=cliente_001          account=MX-4821-0001 type=PREMIUM
2026-06-08T07:42:28 UTC | INFO     | REQUEST  | method=POST   endpoint=/api/v1/auth/login                  status=200 latency=  496.43ms
2026-06-08T07:42:28 UTC | INFO     | AUTH     | user=cliente_001          network_delay=0.1052s
2026-06-08T07:42:28 UTC | INFO     | AUTH_OK  | user=cliente_001          account=MX-4821-0001 type=PREMIUM
2026-06-08T07:42:28 UTC | INFO     | REQUEST  | method=POST   endpoint=/api/v1/auth/login                  status=200 latency=  111.18ms
2026-06-08T07:42:29 UTC | INFO     | AUTH     | user=cliente_001          network_delay=0.8991s
2026-06-08T07:42:29 UTC | INFO     | AUTH_OK  | user=cliente_001          account=MX-4821-0001 type=PREMIUM
2026-06-08T07:42:29 UTC | INFO     | REQUEST  | method=POST   endpoint=/api/v1/auth/login                  status=200 latency=  903.23ms
2026-06-08T07:42:31 UTC | INFO     | AUTH     | user=cliente_001          network_delay=1.4567s
2026-06-08T07:42:31 UTC | INFO     | AUTH_OK  | user=cliente_001          account=MX-4821-0001 type=PREMIUM
2026-06-08T07:42:31 UTC | INFO     | REQUEST  | method=POST   endpoint=/api/v1/auth/login                  status=200 latency= 1461.08ms
2026-06-08T07:42:54 UTC | INFO     | REQUEST  | method=GET    endpoint=/                                   status=200 latency=    0.27ms
2026-06-08T07:43:25 UTC | INFO     | REQUEST  | method=GET    endpoint=/                                   status=200 latency=    0.28ms
2026-06-08T07:43:55 UTC | INFO     | REQUEST  | method=GET    endpoint=/                                   status=200 latency=    0.28ms
2026-06-08T07:44:20 UTC | INFO     | AUTH     | user=cliente_001          network_delay=0.5488s
2026-06-08T07:44:20 UTC | INFO     | AUTH_OK  | user=cliente_001          account=MX-4821-0001 type=PREMIUM
2026-06-08T07:44:20 UTC | INFO     | REQUEST  | method=POST   endpoint=/api/v1/auth/login                  status=200 latency=  550.51ms
2026-06-08T07:44:21 UTC | INFO     | AUTH     | user=cliente_001          network_delay=0.5087s
2026-06-08T07:44:21 UTC | INFO     | AUTH_OK  | user=cliente_001          account=MX-4821-0001 type=PREMIUM
2026-06-08T07:44:21 UTC | INFO     | REQUEST  | method=POST   endpoint=/api/v1/auth/login                  status=200 latency=  513.96ms
2026-06-08T07:44:22 UTC | INFO     | AUTH     | user=cliente_001          network_delay=0.7525s
2026-06-08T07:44:22 UTC | INFO     | AUTH_OK  | user=cliente_001          account=MX-4821-0001 type=PREMIUM
2026-06-08T07:44:22 UTC | INFO     | REQUEST  | method=POST   endpoint=/api/v1/auth/login                  status=200 latency=  854.93ms
2026-06-08T07:44:22 UTC | INFO     | AUTH     | user=cliente_001          network_delay=0.3245s
2026-06-08T07:44:22 UTC | INFO     | AUTH_OK  | user=cliente_001          account=MX-4821-0001 type=PREMIUM
2026-06-08T07:44:22 UTC | INFO     | REQUEST  | method=POST   endpoint=/api/v1/auth/login                  status=200 latency=  326.24ms
2026-06-08T07:44:23 UTC | INFO     | AUTH     | user=cliente_001          network_delay=0.2822s
2026-06-08T07:44:23 UTC | INFO     | AUTH_OK  | user=cliente_001          account=MX-4821-0001 type=PREMIUM
2026-06-08T07:44:23 UTC | INFO     | REQUEST  | method=POST   endpoint=/api/v1/auth/login                  status=200 latency=  285.05ms
2026-06-08T07:44:23 UTC | INFO     | AUTH     | user=cliente_001          network_delay=0.9055s
2026-06-08T07:44:23 UTC | INFO     | AUTH_OK  | user=cliente_001          account=MX-4821-0001 type=PREMIUM
2026-06-08T07:44:24 UTC | INFO     | REQUEST  | method=POST   endpoint=/api/v1/auth/login                  status=200 latency=  910.34ms
2026-06-08T07:44:24 UTC | INFO     | AUTH     | user=cliente_001          network_delay=0.6644s
2026-06-08T07:44:24 UTC | INFO     | AUTH_OK  | user=cliente_001          account=MX-4821-0001 type=PREMIUM
2026-06-08T07:44:24 UTC | INFO     | REQUEST  | method=POST   endpoint=/api/v1/auth/login                  status=200 latency=  663.03ms
2026-06-08T07:44:24 UTC | INFO     | AUTH     | user=cliente_001          network_delay=0.2274s
2026-06-08T07:44:24 UTC | INFO     | AUTH_OK  | user=cliente_001          account=MX-4821-0001 type=PREMIUM
2026-06-08T07:44:24 UTC | INFO     | REQUEST  | method=POST   endpoint=/api/v1/auth/login                  status=200 latency=  227.96ms
2026-06-08T07:44:26 UTC | INFO     | AUTH     | user=cliente_001          network_delay=1.0377s
2026-06-08T07:44:26 UTC | INFO     | AUTH_OK  | user=cliente_001          account=MX-4821-0001 type=PREMIUM
2026-06-08T07:44:26 UTC | INFO     | REQUEST  | method=POST   endpoint=/api/v1/auth/login                  status=200 latency= 1096.59ms
2026-06-08T07:44:26 UTC | INFO     | REQUEST  | method=GET    endpoint=/                                   status=200 latency=    0.35ms
2026-06-08T07:44:26 UTC | INFO     | AUTH     | user=cliente_001          network_delay=0.3862s
2026-06-08T07:44:26 UTC | INFO     | AUTH_OK  | user=cliente_001          account=MX-4821-0001 type=PREMIUM
2026-06-08T07:44:26 UTC | INFO     | REQUEST  | method=POST   endpoint=/api/v1/auth/login                  status=200 latency=  387.14ms
2026-06-08T07:44:27 UTC | INFO     | AUTH     | user=cliente_001          network_delay=0.7994s
2026-06-08T07:44:27 UTC | INFO     | AUTH_OK  | user=cliente_001          account=MX-4821-0001 type=PREMIUM
2026-06-08T07:44:27 UTC | INFO     | REQUEST  | method=POST   endpoint=/api/v1/auth/login                  status=200 latency=  799.91ms
2026-06-08T07:44:29 UTC | INFO     | AUTH     | user=cliente_001          network_delay=1.4693s
2026-06-08T07:44:29 UTC | INFO     | AUTH_OK  | user=cliente_001          account=MX-4821-0001 type=PREMIUM
2026-06-08T07:44:29 UTC | INFO     | REQUEST  | method=POST   endpoint=/api/v1/auth/login                  status=200 latency= 1470.30ms
2026-06-08T07:44:30 UTC | INFO     | AUTH     | user=cliente_001          network_delay=1.1269s
2026-06-08T07:44:30 UTC | INFO     | AUTH_OK  | user=cliente_001          account=MX-4821-0001 type=PREMIUM
2026-06-08T07:44:30 UTC | INFO     | REQUEST  | method=POST   endpoint=/api/v1/auth/login                  status=200 latency= 1129.56ms
2026-06-08T07:44:30 UTC | INFO     | AUTH     | user=cliente_001          network_delay=0.3703s
2026-06-08T07:44:30 UTC | INFO     | AUTH_OK  | user=cliente_001          account=MX-4821-0001 type=PREMIUM
2026-06-08T07:44:30 UTC | INFO     | REQUEST  | method=POST   endpoint=/api/v1/auth/login                  status=200 latency=  372.33ms
2026-06-08T07:44:31 UTC | INFO     | AUTH     | user=cliente_001          network_delay=1.3734s
2026-06-08T07:44:31 UTC | INFO     | AUTH_OK  | user=cliente_001          account=MX-4821-0001 type=PREMIUM
2026-06-08T07:44:31 UTC | INFO     | REQUEST  | method=POST   endpoint=/api/v1/auth/login                  status=200 latency= 1374.28ms
2026-06-08T07:44:32 UTC | INFO     | AUTH     | user=cliente_001          network_delay=0.2180s
2026-06-08T07:44:32 UTC | INFO     | AUTH_OK  | user=cliente_001          account=MX-4821-0001 type=PREMIUM
2026-06-08T07:44:32 UTC | INFO     | REQUEST  | method=POST   endpoint=/api/v1/auth/login                  status=200 latency=  227.03ms
2026-06-08T07:44:33 UTC | INFO     | AUTH     | user=cliente_001          network_delay=1.0235s
2026-06-08T07:44:33 UTC | INFO     | AUTH_OK  | user=cliente_001          account=MX-4821-0001 type=PREMIUM
2026-06-08T07:44:33 UTC | INFO     | REQUEST  | method=POST   endpoint=/api/v1/auth/login                  status=200 latency= 1025.53ms
2026-06-08T07:44:34 UTC | INFO     | AUTH     | user=cliente_001          network_delay=1.0884s
2026-06-08T07:44:34 UTC | INFO     | AUTH_OK  | user=cliente_001          account=MX-4821-0001 type=PREMIUM
2026-06-08T07:44:34 UTC | INFO     | REQUEST  | method=POST   endpoint=/api/v1/auth/login                  status=200 latency= 1094.05ms
2026-06-08T07:44:35 UTC | INFO     | AUTH     | user=cliente_001          network_delay=1.1960s
2026-06-08T07:44:35 UTC | INFO     | AUTH_OK  | user=cliente_001          account=MX-4821-0001 type=PREMIUM
2026-06-08T07:44:35 UTC | INFO     | REQUEST  | method=POST   endpoint=/api/v1/auth/login                  status=200 latency= 1198.90ms
2026-06-08T07:44:36 UTC | INFO     | AUTH     | user=cliente_001          network_delay=0.2334s
2026-06-08T07:44:36 UTC | INFO     | AUTH_OK  | user=cliente_001          account=MX-4821-0001 type=PREMIUM
2026-06-08T07:44:36 UTC | INFO     | REQUEST  | method=POST   endpoint=/api/v1/auth/login                  status=200 latency= 1109.41ms
2026-06-08T07:44:37 UTC | INFO     | AUTH     | user=cliente_001          network_delay=1.0152s
2026-06-08T07:44:37 UTC | INFO     | AUTH_OK  | user=cliente_001          account=MX-4821-0001 type=PREMIUM
2026-06-08T07:44:37 UTC | INFO     | REQUEST  | method=POST   endpoint=/api/v1/auth/login                  status=200 latency= 1017.64ms
2026-06-08T07:44:38 UTC | INFO     | AUTH     | user=cliente_001          network_delay=0.2991s
2026-06-08T07:44:38 UTC | INFO     | AUTH_OK  | user=cliente_001          account=MX-4821-0001 type=PREMIUM
2026-06-08T07:44:38 UTC | INFO     | REQUEST  | method=POST   endpoint=/api/v1/auth/login                  status=200 latency=  307.52ms
2026-06-08T07:44:38 UTC | INFO     | AUTH     | user=cliente_001          network_delay=0.1643s
2026-06-08T07:44:38 UTC | INFO     | AUTH_OK  | user=cliente_001          account=MX-4821-0001 type=PREMIUM
2026-06-08T07:44:38 UTC | INFO     | REQUEST  | method=POST   endpoint=/api/v1/auth/login                  status=200 latency=  165.80ms
2026-06-08T07:44:39 UTC | INFO     | AUTH     | user=cliente_001          network_delay=1.4925s
2026-06-08T07:44:39 UTC | INFO     | AUTH_OK  | user=cliente_001          account=MX-4821-0001 type=PREMIUM
2026-06-08T07:44:39 UTC | INFO     | REQUEST  | method=POST   endpoint=/api/v1/auth/login                  status=200 latency= 1529.57ms
2026-06-08T07:44:40 UTC | INFO     | AUTH     | user=cliente_001          network_delay=0.7062s
2026-06-08T07:44:40 UTC | INFO     | AUTH_OK  | user=cliente_001          account=MX-4821-0001 type=PREMIUM
2026-06-08T07:44:40 UTC | INFO     | REQUEST  | method=POST   endpoint=/api/v1/auth/login                  status=200 latency=  707.56ms
2026-06-08T07:44:40 UTC | INFO     | AUTH     | user=cliente_001          network_delay=0.2941s
2026-06-08T07:44:40 UTC | INFO     | AUTH_OK  | user=cliente_001          account=MX-4821-0001 type=PREMIUM
2026-06-08T07:44:40 UTC | INFO     | REQUEST  | method=POST   endpoint=/api/v1/auth/login                  status=200 latency=  295.38ms
2026-06-08T07:44:41 UTC | INFO     | AUTH     | user=cliente_001          network_delay=0.6540s
2026-06-08T07:44:41 UTC | INFO     | AUTH_OK  | user=cliente_001          account=MX-4821-0001 type=PREMIUM
2026-06-08T07:44:41 UTC | INFO     | REQUEST  | method=POST   endpoint=/api/v1/auth/login                  status=200 latency=  663.89ms
2026-06-08T07:44:42 UTC | INFO     | AUTH     | user=cliente_001          network_delay=0.9727s
2026-06-08T07:44:42 UTC | INFO     | AUTH_OK  | user=cliente_001          account=MX-4821-0001 type=PREMIUM
2026-06-08T07:44:42 UTC | INFO     | REQUEST  | method=POST   endpoint=/api/v1/auth/login                  status=200 latency=  974.31ms
2026-06-08T07:44:43 UTC | INFO     | AUTH     | user=cliente_001          network_delay=0.9552s
2026-06-08T07:44:43 UTC | INFO     | AUTH_OK  | user=cliente_001          account=MX-4821-0001 type=PREMIUM
2026-06-08T07:44:43 UTC | INFO     | REQUEST  | method=POST   endpoint=/api/v1/auth/login                  status=200 latency=  959.15ms
2026-06-08T07:44:44 UTC | INFO     | AUTH     | user=cliente_001          network_delay=1.0652s
2026-06-08T07:44:44 UTC | INFO     | AUTH_OK  | user=cliente_001          account=MX-4821-0001 type=PREMIUM
2026-06-08T07:44:44 UTC | INFO     | REQUEST  | method=POST   endpoint=/api/v1/auth/login                  status=200 latency= 1064.71ms
2026-06-08T07:44:56 UTC | INFO     | REQUEST  | method=GET    endpoint=/                                   status=200 latency=    5.36ms
2026-06-08T07:45:27 UTC | INFO     | REQUEST  | method=GET    endpoint=/                                   status=200 latency=    0.53ms
2026-06-08T07:45:58 UTC | INFO     | REQUEST  | method=GET    endpoint=/                                   status=200 latency=    0.62ms
2026-06-08T07:46:20 UTC | INFO     | AUTH     | user=cliente_001          network_delay=1.2738s
2026-06-08T07:46:20 UTC | INFO     | AUTH_OK  | user=cliente_001          account=MX-4821-0001 type=PREMIUM
2026-06-08T07:46:20 UTC | INFO     | REQUEST  | method=POST   endpoint=/api/v1/auth/login                  status=200 latency= 1280.65ms
2026-06-08T07:46:20 UTC | INFO     | AUTH     | user=cliente_001          network_delay=0.5342s
2026-06-08T07:46:20 UTC | INFO     | AUTH_OK  | user=cliente_001          account=MX-4821-0001 type=PREMIUM
2026-06-08T07:46:20 UTC | INFO     | REQUEST  | method=POST   endpoint=/api/v1/auth/login                  status=200 latency=  537.32ms
2026-06-08T07:46:21 UTC | INFO     | AUTH     | user=cliente_001          network_delay=0.9203s
2026-06-08T07:46:21 UTC | INFO     | AUTH_OK  | user=cliente_001          account=MX-4821-0001 type=PREMIUM
2026-06-08T07:46:21 UTC | INFO     | REQUEST  | method=POST   endpoint=/api/v1/auth/login                  status=200 latency=  939.99ms
2026-06-08T07:46:21 UTC | INFO     | AUTH     | user=cliente_001          network_delay=0.2113s
2026-06-08T07:46:21 UTC | INFO     | AUTH_OK  | user=cliente_001          account=MX-4821-0001 type=PREMIUM
2026-06-08T07:46:21 UTC | INFO     | REQUEST  | method=POST   endpoint=/api/v1/auth/login                  status=200 latency=  217.09ms
2026-06-08T07:46:22 UTC | INFO     | AUTH     | user=cliente_001          network_delay=0.5211s
2026-06-08T07:46:22 UTC | INFO     | AUTH_OK  | user=cliente_001          account=MX-4821-0001 type=PREMIUM
2026-06-08T07:46:22 UTC | INFO     | REQUEST  | method=POST   endpoint=/api/v1/auth/login                  status=200 latency=  524.04ms
2026-06-08T07:46:22 UTC | INFO     | AUTH     | user=cliente_001          network_delay=0.2809s
2026-06-08T07:46:22 UTC | INFO     | AUTH_OK  | user=cliente_001          account=MX-4821-0001 type=PREMIUM
2026-06-08T07:46:22 UTC | INFO     | REQUEST  | method=POST   endpoint=/api/v1/auth/login                  status=200 latency=  284.42ms
2026-06-08T07:46:23 UTC | INFO     | AUTH     | user=cliente_001          network_delay=0.8357s
2026-06-08T07:46:23 UTC | INFO     | AUTH_OK  | user=cliente_001          account=MX-4821-0001 type=PREMIUM
2026-06-08T07:46:23 UTC | INFO     | REQUEST  | method=POST   endpoint=/api/v1/auth/login                  status=200 latency=  845.09ms
2026-06-08T07:46:24 UTC | INFO     | AUTH     | user=cliente_001          network_delay=1.1061s
2026-06-08T07:46:24 UTC | INFO     | AUTH_OK  | user=cliente_001          account=MX-4821-0001 type=PREMIUM
2026-06-08T07:46:24 UTC | INFO     | REQUEST  | method=POST   endpoint=/api/v1/auth/login                  status=200 latency= 1109.42ms
2026-06-08T07:46:26 UTC | INFO     | AUTH     | user=cliente_001          network_delay=1.4248s
2026-06-08T07:46:26 UTC | INFO     | AUTH_OK  | user=cliente_001          account=MX-4821-0001 type=PREMIUM
2026-06-08T07:46:26 UTC | INFO     | REQUEST  | method=POST   endpoint=/api/v1/auth/login                  status=200 latency= 1456.92ms
2026-06-08T07:46:27 UTC | INFO     | AUTH     | user=cliente_001          network_delay=1.4639s
2026-06-08T07:46:27 UTC | INFO     | AUTH_OK  | user=cliente_001          account=MX-4821-0001 type=PREMIUM
2026-06-08T07:46:27 UTC | INFO     | REQUEST  | method=POST   endpoint=/api/v1/auth/login                  status=200 latency= 1469.83ms
2026-06-08T07:46:28 UTC | INFO     | AUTH     | user=cliente_001          network_delay=0.9801s
2026-06-08T07:46:28 UTC | INFO     | AUTH_OK  | user=cliente_001          account=MX-4821-0001 type=PREMIUM
2026-06-08T07:46:28 UTC | INFO     | REQUEST  | method=POST   endpoint=/api/v1/auth/login                  status=200 latency= 1056.79ms
2026-06-08T07:46:28 UTC | INFO     | REQUEST  | method=GET    endpoint=/                                   status=200 latency=    0.41ms
2026-06-08T07:46:28 UTC | INFO     | AUTH     | user=cliente_001          network_delay=0.1132s
2026-06-08T07:46:28 UTC | INFO     | AUTH_OK  | user=cliente_001          account=MX-4821-0001 type=PREMIUM
2026-06-08T07:46:28 UTC | INFO     | REQUEST  | method=POST   endpoint=/api/v1/auth/login                  status=200 latency=  119.88ms
2026-06-08T07:46:29 UTC | INFO     | AUTH     | user=cliente_001          network_delay=0.3254s
2026-06-08T07:46:29 UTC | INFO     | AUTH_OK  | user=cliente_001          account=MX-4821-0001 type=PREMIUM
2026-06-08T07:46:29 UTC | INFO     | REQUEST  | method=POST   endpoint=/api/v1/auth/login                  status=200 latency=  331.05ms
2026-06-08T07:46:29 UTC | INFO     | AUTH     | user=cliente_001          network_delay=0.3954s
2026-06-08T07:46:29 UTC | INFO     | AUTH_OK  | user=cliente_001          account=MX-4821-0001 type=PREMIUM
2026-06-08T07:46:29 UTC | INFO     | REQUEST  | method=POST   endpoint=/api/v1/auth/login                  status=200 latency=  400.29ms
2026-06-08T07:46:30 UTC | INFO     | AUTH     | user=cliente_001          network_delay=1.1629s
2026-06-08T07:46:30 UTC | INFO     | AUTH_OK  | user=cliente_001          account=MX-4821-0001 type=PREMIUM
2026-06-08T07:46:30 UTC | INFO     | REQUEST  | method=POST   endpoint=/api/v1/auth/login                  status=200 latency= 1168.85ms
2026-06-08T07:46:31 UTC | INFO     | AUTH     | user=cliente_001          network_delay=0.3840s
2026-06-08T07:46:31 UTC | INFO     | AUTH_OK  | user=cliente_001          account=MX-4821-0001 type=PREMIUM
2026-06-08T07:46:31 UTC | INFO     | REQUEST  | method=POST   endpoint=/api/v1/auth/login                  status=200 latency=  392.88ms
2026-06-08T07:46:32 UTC | INFO     | AUTH     | user=cliente_001          network_delay=1.0674s
2026-06-08T07:46:32 UTC | INFO     | AUTH_OK  | user=cliente_001          account=MX-4821-0001 type=PREMIUM
2026-06-08T07:46:32 UTC | INFO     | REQUEST  | method=POST   endpoint=/api/v1/auth/login                  status=200 latency= 1074.03ms
2026-06-08T07:46:33 UTC | INFO     | AUTH     | user=cliente_001          network_delay=1.2266s
2026-06-08T07:46:33 UTC | INFO     | AUTH_OK  | user=cliente_001          account=MX-4821-0001 type=PREMIUM
2026-06-08T07:46:33 UTC | INFO     | REQUEST  | method=POST   endpoint=/api/v1/auth/login                  status=200 latency= 1240.00ms
2026-06-08T07:46:34 UTC | INFO     | AUTH     | user=cliente_001          network_delay=0.6024s
2026-06-08T07:46:34 UTC | INFO     | AUTH_OK  | user=cliente_001          account=MX-4821-0001 type=PREMIUM
2026-06-08T07:46:34 UTC | INFO     | REQUEST  | method=POST   endpoint=/api/v1/auth/login                  status=200 latency=  733.32ms
2026-06-08T07:46:35 UTC | INFO     | AUTH     | user=cliente_001          network_delay=0.7386s
2026-06-08T07:46:35 UTC | INFO     | AUTH_OK  | user=cliente_001          account=MX-4821-0001 type=PREMIUM
2026-06-08T07:46:35 UTC | INFO     | REQUEST  | method=POST   endpoint=/api/v1/auth/login                  status=200 latency=  744.24ms
2026-06-08T07:46:36 UTC | INFO     | AUTH     | user=cliente_001          network_delay=1.1579s
2026-06-08T07:46:36 UTC | INFO     | AUTH_OK  | user=cliente_001          account=MX-4821-0001 type=PREMIUM
2026-06-08T07:46:36 UTC | INFO     | REQUEST  | method=POST   endpoint=/api/v1/auth/login                  status=200 latency= 1160.00ms
2026-06-08T07:46:37 UTC | INFO     | AUTH     | user=cliente_001          network_delay=0.7669s
2026-06-08T07:46:37 UTC | INFO     | AUTH_OK  | user=cliente_001          account=MX-4821-0001 type=PREMIUM
2026-06-08T07:46:37 UTC | INFO     | REQUEST  | method=POST   endpoint=/api/v1/auth/login                  status=200 latency=  772.03ms
2026-06-08T07:46:38 UTC | INFO     | AUTH     | user=cliente_001          network_delay=1.3889s
2026-06-08T07:46:38 UTC | INFO     | AUTH_OK  | user=cliente_001          account=MX-4821-0001 type=PREMIUM
2026-06-08T07:46:38 UTC | INFO     | REQUEST  | method=POST   endpoint=/api/v1/auth/login                  status=200 latency= 1392.44ms
2026-06-08T07:46:39 UTC | INFO     | AUTH     | user=cliente_001          network_delay=0.5272s
2026-06-08T07:46:39 UTC | INFO     | AUTH_OK  | user=cliente_001          account=MX-4821-0001 type=PREMIUM
2026-06-08T07:46:39 UTC | INFO     | REQUEST  | method=POST   endpoint=/api/v1/auth/login                  status=200 latency=  536.26ms
2026-06-08T07:46:40 UTC | INFO     | AUTH     | user=cliente_001          network_delay=1.3028s
2026-06-08T07:46:40 UTC | INFO     | AUTH_OK  | user=cliente_001          account=MX-4821-0001 type=PREMIUM
2026-06-08T07:46:40 UTC | INFO     | REQUEST  | method=POST   endpoint=/api/v1/auth/login                  status=200 latency= 1307.32ms
2026-06-08T07:46:41 UTC | INFO     | AUTH     | user=cliente_001          network_delay=1.2712s
2026-06-08T07:46:41 UTC | INFO     | AUTH_OK  | user=cliente_001          account=MX-4821-0001 type=PREMIUM
2026-06-08T07:46:41 UTC | INFO     | REQUEST  | method=POST   endpoint=/api/v1/auth/login                  status=200 latency= 1274.42ms
2026-06-08T07:46:43 UTC | INFO     | AUTH     | user=cliente_001          network_delay=1.3861s
2026-06-08T07:46:43 UTC | INFO     | AUTH_OK  | user=cliente_001          account=MX-4821-0001 type=PREMIUM
2026-06-08T07:46:43 UTC | INFO     | REQUEST  | method=POST   endpoint=/api/v1/auth/login                  status=200 latency= 1391.21ms
2026-06-08T07:46:43 UTC | INFO     | AUTH     | user=cliente_001          network_delay=0.3352s
2026-06-08T07:46:43 UTC | INFO     | AUTH_OK  | user=cliente_001          account=MX-4821-0001 type=PREMIUM
2026-06-08T07:46:43 UTC | INFO     | REQUEST  | method=POST   endpoint=/api/v1/auth/login                  status=200 latency=  349.46ms
2026-06-08T07:46:44 UTC | INFO     | AUTH     | user=cliente_001          network_delay=0.5312s
2026-06-08T07:46:44 UTC | INFO     | AUTH_OK  | user=cliente_001          account=MX-4821-0001 type=PREMIUM
2026-06-08T07:46:44 UTC | INFO     | REQUEST  | method=POST   endpoint=/api/v1/auth/login                  status=200 latency=  536.49ms
2026-06-08T07:46:45 UTC | INFO     | AUTH     | user=cliente_001          network_delay=1.0691s
2026-06-08T07:46:45 UTC | INFO     | AUTH_OK  | user=cliente_001          account=MX-4821-0001 type=PREMIUM
2026-06-08T07:46:45 UTC | INFO     | REQUEST  | method=POST   endpoint=/api/v1/auth/login                  status=200 latency= 1084.61ms
2026-06-08T07:46:59 UTC | INFO     | REQUEST  | method=GET    endpoint=/                                   status=200 latency=    0.82ms
2026-06-08T07:47:29 UTC | INFO     | REQUEST  | method=GET    endpoint=/                                   status=200 latency=    0.27ms
2026-06-08T07:48:00 UTC | INFO     | REQUEST  | method=GET    endpoint=/                                   status=200 latency=    0.29ms
2026-06-08T07:48:02 UTC | INFO     | AUTH     | user=cliente_001          network_delay=0.3081s
2026-06-08T07:48:02 UTC | INFO     | AUTH_OK  | user=cliente_001          account=MX-4821-0001 type=PREMIUM
2026-06-08T07:48:02 UTC | INFO     | REQUEST  | method=POST   endpoint=/api/v1/auth/login                  status=200 latency=  311.69ms
2026-06-08T07:48:02 UTC | INFO     | AUTH     | user=cliente_001          network_delay=0.3463s
2026-06-08T07:48:02 UTC | INFO     | AUTH_OK  | user=cliente_001          account=MX-4821-0001 type=PREMIUM
2026-06-08T07:48:02 UTC | INFO     | REQUEST  | method=POST   endpoint=/api/v1/auth/login                  status=200 latency=  350.99ms
2026-06-08T07:48:04 UTC | INFO     | AUTH     | user=cliente_001          network_delay=1.4980s
2026-06-08T07:48:04 UTC | INFO     | AUTH_OK  | user=cliente_001          account=MX-4821-0001 type=PREMIUM
2026-06-08T07:48:04 UTC | INFO     | REQUEST  | method=POST   endpoint=/api/v1/auth/login                  status=200 latency= 1501.25ms
2026-06-08T07:48:05 UTC | INFO     | AUTH     | user=cliente_001          network_delay=1.1033s
2026-06-08T07:48:05 UTC | INFO     | AUTH_OK  | user=cliente_001          account=MX-4821-0001 type=PREMIUM
2026-06-08T07:48:05 UTC | INFO     | REQUEST  | method=POST   endpoint=/api/v1/auth/login                  status=200 latency= 1108.04ms
2026-06-08T07:48:06 UTC | INFO     | AUTH     | user=cliente_001          network_delay=0.7775s
2026-06-08T07:48:06 UTC | INFO     | AUTH_OK  | user=cliente_001          account=MX-4821-0001 type=PREMIUM
2026-06-08T07:48:06 UTC | INFO     | REQUEST  | method=POST   endpoint=/api/v1/auth/login                  status=200 latency=  783.31ms
2026-06-08T07:48:06 UTC | INFO     | AUTH     | user=cliente_001          network_delay=0.3739s
2026-06-08T07:48:06 UTC | INFO     | AUTH_OK  | user=cliente_001          account=MX-4821-0001 type=PREMIUM
2026-06-08T07:48:06 UTC | INFO     | REQUEST  | method=POST   endpoint=/api/v1/auth/login                  status=200 latency=  377.11ms
2026-06-08T07:48:07 UTC | INFO     | AUTH     | user=cliente_001          network_delay=0.8040s
2026-06-08T07:48:07 UTC | INFO     | AUTH_OK  | user=cliente_001          account=MX-4821-0001 type=PREMIUM
2026-06-08T07:48:07 UTC | INFO     | REQUEST  | method=POST   endpoint=/api/v1/auth/login                  status=200 latency=  812.46ms
2026-06-08T07:48:08 UTC | INFO     | AUTH     | user=cliente_001          network_delay=0.6198s
2026-06-08T07:48:08 UTC | INFO     | AUTH_OK  | user=cliente_001          account=MX-4821-0001 type=PREMIUM
2026-06-08T07:48:08 UTC | INFO     | REQUEST  | method=POST   endpoint=/api/v1/auth/login                  status=200 latency=  624.28ms
2026-06-08T07:48:09 UTC | INFO     | AUTH     | user=cliente_001          network_delay=1.1813s
2026-06-08T07:48:09 UTC | INFO     | AUTH_OK  | user=cliente_001          account=MX-4821-0001 type=PREMIUM
2026-06-08T07:48:09 UTC | INFO     | REQUEST  | method=POST   endpoint=/api/v1/auth/login                  status=200 latency= 1185.68ms
2026-06-08T07:48:09 UTC | INFO     | AUTH     | user=cliente_001          network_delay=0.3460s
2026-06-08T07:48:09 UTC | INFO     | AUTH_OK  | user=cliente_001          account=MX-4821-0001 type=PREMIUM
2026-06-08T07:48:09 UTC | INFO     | REQUEST  | method=POST   endpoint=/api/v1/auth/login                  status=200 latency=  349.31ms
2026-06-08T07:48:10 UTC | INFO     | AUTH     | user=cliente_001          network_delay=0.5800s
2026-06-08T07:48:10 UTC | INFO     | AUTH_OK  | user=cliente_001          account=MX-4821-0001 type=PREMIUM
2026-06-08T07:48:10 UTC | INFO     | REQUEST  | method=POST   endpoint=/api/v1/auth/login                  status=200 latency=  586.52ms
2026-06-08T07:48:10 UTC | INFO     | AUTH     | user=cliente_001          network_delay=0.3398s
2026-06-08T07:48:10 UTC | INFO     | AUTH_OK  | user=cliente_001          account=MX-4821-0001 type=PREMIUM
2026-06-08T07:48:10 UTC | INFO     | REQUEST  | method=POST   endpoint=/api/v1/auth/login                  status=200 latency=  344.42ms
2026-06-08T07:48:10 UTC | INFO     | AUTH     | user=cliente_001          network_delay=0.1621s
2026-06-08T07:48:10 UTC | INFO     | AUTH_OK  | user=cliente_001          account=MX-4821-0001 type=PREMIUM
2026-06-08T07:48:10 UTC | INFO     | REQUEST  | method=POST   endpoint=/api/v1/auth/login                  status=200 latency=  164.64ms
2026-06-08T07:48:11 UTC | INFO     | AUTH     | user=cliente_001          network_delay=0.3659s
2026-06-08T07:48:11 UTC | INFO     | AUTH_OK  | user=cliente_001          account=MX-4821-0001 type=PREMIUM
2026-06-08T07:48:11 UTC | INFO     | REQUEST  | method=POST   endpoint=/api/v1/auth/login                  status=200 latency=  369.84ms
2026-06-08T07:48:11 UTC | INFO     | AUTH     | user=cliente_001          network_delay=0.7784s
2026-06-08T07:48:11 UTC | INFO     | AUTH_OK  | user=cliente_001          account=MX-4821-0001 type=PREMIUM
2026-06-08T07:48:11 UTC | INFO     | REQUEST  | method=POST   endpoint=/api/v1/auth/login                  status=200 latency=  781.88ms
2026-06-08T07:48:12 UTC | INFO     | AUTH     | user=cliente_001          network_delay=0.6304s
2026-06-08T07:48:12 UTC | INFO     | AUTH_OK  | user=cliente_001          account=MX-4821-0001 type=PREMIUM
2026-06-08T07:48:12 UTC | INFO     | REQUEST  | method=POST   endpoint=/api/v1/auth/login                  status=200 latency=  637.40ms
2026-06-08T07:48:12 UTC | INFO     | AUTH     | user=cliente_001          network_delay=0.2098s
2026-06-08T07:48:12 UTC | INFO     | AUTH_OK  | user=cliente_001          account=MX-4821-0001 type=PREMIUM
2026-06-08T07:48:12 UTC | INFO     | REQUEST  | method=POST   endpoint=/api/v1/auth/login                  status=200 latency=  212.25ms
2026-06-08T07:48:14 UTC | INFO     | AUTH     | user=cliente_001          network_delay=1.2085s
2026-06-08T07:48:14 UTC | INFO     | AUTH_OK  | user=cliente_001          account=MX-4821-0001 type=PREMIUM
2026-06-08T07:48:14 UTC | INFO     | REQUEST  | method=POST   endpoint=/api/v1/auth/login                  status=200 latency= 1383.36ms
2026-06-08T07:48:14 UTC | INFO     | AUTH     | user=cliente_001          network_delay=0.4981s
2026-06-08T07:48:14 UTC | INFO     | AUTH_OK  | user=cliente_001          account=MX-4821-0001 type=PREMIUM
2026-06-08T07:48:14 UTC | INFO     | REQUEST  | method=POST   endpoint=/api/v1/auth/login                  status=200 latency=  502.52ms
2026-06-08T07:48:15 UTC | INFO     | AUTH     | user=cliente_001          network_delay=0.6508s
2026-06-08T07:48:15 UTC | INFO     | AUTH_OK  | user=cliente_001          account=MX-4821-0001 type=PREMIUM
2026-06-08T07:48:15 UTC | INFO     | REQUEST  | method=POST   endpoint=/api/v1/auth/login                  status=200 latency=  654.58ms
2026-06-08T07:48:16 UTC | INFO     | AUTH     | user=cliente_001          network_delay=0.7383s
2026-06-08T07:48:16 UTC | INFO     | AUTH_OK  | user=cliente_001          account=MX-4821-0001 type=PREMIUM
2026-06-08T07:48:16 UTC | INFO     | REQUEST  | method=POST   endpoint=/api/v1/auth/login                  status=200 latency=  744.82ms
2026-06-08T07:48:16 UTC | INFO     | AUTH     | user=cliente_001          network_delay=0.3871s
2026-06-08T07:48:16 UTC | INFO     | AUTH_OK  | user=cliente_001          account=MX-4821-0001 type=PREMIUM
2026-06-08T07:48:16 UTC | INFO     | REQUEST  | method=POST   endpoint=/api/v1/auth/login                  status=200 latency=  393.86ms
2026-06-08T07:48:17 UTC | INFO     | AUTH     | user=cliente_001          network_delay=1.1942s
2026-06-08T07:48:17 UTC | INFO     | AUTH_OK  | user=cliente_001          account=MX-4821-0001 type=PREMIUM
2026-06-08T07:48:17 UTC | INFO     | REQUEST  | method=POST   endpoint=/api/v1/auth/login                  status=200 latency= 1203.16ms
2026-06-08T07:48:18 UTC | INFO     | AUTH     | user=cliente_001          network_delay=1.1658s
2026-06-08T07:48:19 UTC | INFO     | AUTH_OK  | user=cliente_001          account=MX-4821-0001 type=PREMIUM
2026-06-08T07:48:19 UTC | INFO     | REQUEST  | method=POST   endpoint=/api/v1/auth/login                  status=200 latency= 1169.97ms
2026-06-08T07:48:19 UTC | INFO     | AUTH     | user=cliente_001          network_delay=0.9035s
2026-06-08T07:48:19 UTC | INFO     | AUTH_OK  | user=cliente_001          account=MX-4821-0001 type=PREMIUM
2026-06-08T07:48:19 UTC | INFO     | REQUEST  | method=POST   endpoint=/api/v1/auth/login                  status=200 latency=  908.72ms
2026-06-08T07:48:21 UTC | INFO     | AUTH     | user=cliente_001          network_delay=1.3998s
2026-06-08T07:48:21 UTC | INFO     | AUTH_OK  | user=cliente_001          account=MX-4821-0001 type=PREMIUM
2026-06-08T07:48:21 UTC | INFO     | REQUEST  | method=POST   endpoint=/api/v1/auth/login                  status=200 latency= 1405.10ms
2026-06-08T07:48:22 UTC | INFO     | AUTH     | user=cliente_001          network_delay=1.2765s
2026-06-08T07:48:22 UTC | INFO     | AUTH_OK  | user=cliente_001          account=MX-4821-0001 type=PREMIUM
2026-06-08T07:48:22 UTC | INFO     | REQUEST  | method=POST   endpoint=/api/v1/auth/login                  status=200 latency= 1282.45ms
2026-06-08T07:48:23 UTC | INFO     | AUTH     | user=cliente_001          network_delay=0.4520s
2026-06-08T07:48:23 UTC | INFO     | AUTH_OK  | user=cliente_001          account=MX-4821-0001 type=PREMIUM
2026-06-08T07:48:23 UTC | INFO     | REQUEST  | method=POST   endpoint=/api/v1/auth/login                  status=200 latency=  457.55ms
2026-06-08T07:48:24 UTC | INFO     | AUTH     | user=cliente_001          network_delay=1.2583s
2026-06-08T07:48:24 UTC | INFO     | AUTH_OK  | user=cliente_001          account=MX-4821-0001 type=PREMIUM
2026-06-08T07:48:24 UTC | INFO     | REQUEST  | method=POST   endpoint=/api/v1/auth/login                  status=200 latency= 1259.41ms
2026-06-08T07:48:25 UTC | INFO     | AUTH     | user=cliente_001          network_delay=1.0478s
2026-06-08T07:48:25 UTC | INFO     | AUTH_OK  | user=cliente_001          account=MX-4821-0001 type=PREMIUM
2026-06-08T07:48:25 UTC | INFO     | REQUEST  | method=POST   endpoint=/api/v1/auth/login                  status=200 latency= 1056.23ms
2026-06-08T07:48:30 UTC | INFO     | REQUEST  | method=GET    endpoint=/                                   status=200 latency=    0.31ms
2026-06-08T07:49:01 UTC | INFO     | REQUEST  | method=GET    endpoint=/                                   status=200 latency=    0.29ms
2026-06-08T07:49:05 UTC | INFO     | AUTH     | user=cliente_001          network_delay=0.2058s
2026-06-08T07:49:05 UTC | INFO     | AUTH_OK  | user=cliente_001          account=MX-4821-0001 type=PREMIUM
2026-06-08T07:49:05 UTC | INFO     | REQUEST  | method=POST   endpoint=/api/v1/auth/login                  status=200 latency=  208.73ms
2026-06-08T07:49:31 UTC | INFO     | REQUEST  | method=GET    endpoint=/                                   status=200 latency=    5.64ms
2026-06-08T07:50:02 UTC | INFO     | REQUEST  | method=GET    endpoint=/                                   status=200 latency=    0.27ms
2026-06-08T07:50:32 UTC | INFO     | REQUEST  | method=GET    endpoint=/                                   status=200 latency=    0.29ms
2026-06-08T07:51:02 UTC | INFO     | REQUEST  | method=GET    endpoint=/                                   status=200 latency=    0.29ms
2026-06-08T07:51:33 UTC | INFO     | REQUEST  | method=GET    endpoint=/                                   status=200 latency=    0.35ms
2026-06-08T07:52:03 UTC | INFO     | REQUEST  | method=GET    endpoint=/                                   status=200 latency=    0.27ms
2026-06-08T07:52:21 UTC | INFO     | AUTH     | user=cliente_001          network_delay=0.5364s
2026-06-08T07:52:21 UTC | INFO     | AUTH_OK  | user=cliente_001          account=MX-4821-0001 type=PREMIUM
2026-06-08T07:52:21 UTC | INFO     | REQUEST  | method=POST   endpoint=/api/v1/auth/login                  status=200 latency=  541.21ms
2026-06-08T07:52:22 UTC | INFO     | AUTH     | user=cliente_001          network_delay=1.1573s
2026-06-08T07:52:22 UTC | INFO     | AUTH_OK  | user=cliente_001          account=MX-4821-0001 type=PREMIUM
2026-06-08T07:52:22 UTC | INFO     | REQUEST  | method=POST   endpoint=/api/v1/auth/login                  status=200 latency= 1159.42ms
2026-06-08T07:52:24 UTC | INFO     | AUTH     | user=cliente_001          network_delay=1.0604s
2026-06-08T07:52:24 UTC | INFO     | AUTH_OK  | user=cliente_001          account=MX-4821-0001 type=PREMIUM
2026-06-08T07:52:24 UTC | INFO     | REQUEST  | method=POST   endpoint=/api/v1/auth/login                  status=200 latency= 1061.72ms
2026-06-08T07:52:24 UTC | INFO     | AUTH     | user=cliente_001          network_delay=0.3431s
2026-06-08T07:52:24 UTC | INFO     | AUTH_OK  | user=cliente_001          account=MX-4821-0001 type=PREMIUM
2026-06-08T07:52:24 UTC | INFO     | REQUEST  | method=POST   endpoint=/api/v1/auth/login                  status=200 latency=  346.05ms
2026-06-08T07:52:25 UTC | INFO     | AUTH     | user=cliente_001          network_delay=0.9957s
2026-06-08T07:52:25 UTC | INFO     | AUTH_OK  | user=cliente_001          account=MX-4821-0001 type=PREMIUM
2026-06-08T07:52:25 UTC | INFO     | REQUEST  | method=POST   endpoint=/api/v1/auth/login                  status=200 latency= 1013.06ms
2026-06-08T07:52:26 UTC | INFO     | AUTH     | user=cliente_001          network_delay=0.6488s
2026-06-08T07:52:26 UTC | INFO     | AUTH_OK  | user=cliente_001          account=MX-4821-0001 type=PREMIUM
2026-06-08T07:52:26 UTC | INFO     | REQUEST  | method=POST   endpoint=/api/v1/auth/login                  status=200 latency=  650.20ms
2026-06-08T07:52:26 UTC | INFO     | AUTH     | user=cliente_001          network_delay=0.2442s
2026-06-08T07:52:26 UTC | INFO     | AUTH_OK  | user=cliente_001          account=MX-4821-0001 type=PREMIUM
2026-06-08T07:52:26 UTC | INFO     | REQUEST  | method=POST   endpoint=/api/v1/auth/login                  status=200 latency=  245.32ms
2026-06-08T07:52:26 UTC | INFO     | AUTH     | user=cliente_001          network_delay=0.2589s
2026-06-08T07:52:26 UTC | INFO     | AUTH_OK  | user=cliente_001          account=MX-4821-0001 type=PREMIUM
2026-06-08T07:52:26 UTC | INFO     | REQUEST  | method=POST   endpoint=/api/v1/auth/login                  status=200 latency=  260.57ms
2026-06-08T07:52:27 UTC | INFO     | AUTH     | user=cliente_001          network_delay=1.0695s
2026-06-08T07:52:27 UTC | INFO     | AUTH_OK  | user=cliente_001          account=MX-4821-0001 type=PREMIUM
2026-06-08T07:52:27 UTC | INFO     | REQUEST  | method=POST   endpoint=/api/v1/auth/login                  status=200 latency= 1070.58ms
2026-06-08T07:52:27 UTC | INFO     | AUTH     | user=cliente_001          network_delay=0.2014s
2026-06-08T07:52:27 UTC | INFO     | AUTH_OK  | user=cliente_001          account=MX-4821-0001 type=PREMIUM
2026-06-08T07:52:27 UTC | INFO     | REQUEST  | method=POST   endpoint=/api/v1/auth/login                  status=200 latency=  204.60ms
2026-06-08T07:52:28 UTC | INFO     | AUTH     | user=cliente_001          network_delay=0.2018s
2026-06-08T07:52:28 UTC | INFO     | AUTH_OK  | user=cliente_001          account=MX-4821-0001 type=PREMIUM
2026-06-08T07:52:28 UTC | INFO     | REQUEST  | method=POST   endpoint=/api/v1/auth/login                  status=200 latency=  204.14ms
2026-06-08T07:52:28 UTC | INFO     | AUTH     | user=cliente_001          network_delay=0.4009s
2026-06-08T07:52:28 UTC | INFO     | AUTH_OK  | user=cliente_001          account=MX-4821-0001 type=PREMIUM
2026-06-08T07:52:28 UTC | INFO     | REQUEST  | method=POST   endpoint=/api/v1/auth/login                  status=200 latency=  402.37ms
2026-06-08T07:52:29 UTC | INFO     | AUTH     | user=cliente_001          network_delay=1.1103s
2026-06-08T07:52:29 UTC | INFO     | AUTH_OK  | user=cliente_001          account=MX-4821-0001 type=PREMIUM
2026-06-08T07:52:29 UTC | INFO     | REQUEST  | method=POST   endpoint=/api/v1/auth/login                  status=200 latency= 1111.49ms
2026-06-08T07:52:30 UTC | INFO     | AUTH     | user=cliente_001          network_delay=0.8540s
2026-06-08T07:52:30 UTC | INFO     | AUTH_OK  | user=cliente_001          account=MX-4821-0001 type=PREMIUM
2026-06-08T07:52:30 UTC | INFO     | REQUEST  | method=POST   endpoint=/api/v1/auth/login                  status=200 latency=  857.40ms
2026-06-08T07:52:31 UTC | INFO     | AUTH     | user=cliente_001          network_delay=0.5572s
2026-06-08T07:52:31 UTC | INFO     | AUTH_OK  | user=cliente_001          account=MX-4821-0001 type=PREMIUM
2026-06-08T07:52:31 UTC | INFO     | REQUEST  | method=POST   endpoint=/api/v1/auth/login                  status=200 latency=  560.06ms
2026-06-08T07:52:31 UTC | INFO     | AUTH     | user=cliente_001          network_delay=0.5631s
2026-06-08T07:52:31 UTC | INFO     | AUTH_OK  | user=cliente_001          account=MX-4821-0001 type=PREMIUM
2026-06-08T07:52:31 UTC | INFO     | REQUEST  | method=POST   endpoint=/api/v1/auth/login                  status=200 latency=  565.32ms
2026-06-08T07:52:32 UTC | INFO     | AUTH     | user=cliente_001          network_delay=0.3700s
2026-06-08T07:52:32 UTC | INFO     | AUTH_OK  | user=cliente_001          account=MX-4821-0001 type=PREMIUM
2026-06-08T07:52:32 UTC | INFO     | REQUEST  | method=POST   endpoint=/api/v1/auth/login                  status=200 latency=  373.16ms
2026-06-08T07:52:33 UTC | INFO     | AUTH     | user=cliente_001          network_delay=0.9158s
2026-06-08T07:52:33 UTC | INFO     | AUTH_OK  | user=cliente_001          account=MX-4821-0001 type=PREMIUM
2026-06-08T07:52:33 UTC | INFO     | REQUEST  | method=POST   endpoint=/api/v1/auth/login                  status=200 latency=  919.76ms
2026-06-08T07:52:33 UTC | INFO     | AUTH     | user=cliente_001          network_delay=0.6206s
2026-06-08T07:52:33 UTC | INFO     | AUTH_OK  | user=cliente_001          account=MX-4821-0001 type=PREMIUM
2026-06-08T07:52:33 UTC | INFO     | REQUEST  | method=POST   endpoint=/api/v1/auth/login                  status=200 latency=  624.30ms
2026-06-08T07:52:33 UTC | INFO     | AUTH     | user=cliente_001          network_delay=0.1305s
2026-06-08T07:52:33 UTC | INFO     | AUTH_OK  | user=cliente_001          account=MX-4821-0001 type=PREMIUM
2026-06-08T07:52:33 UTC | INFO     | REQUEST  | method=POST   endpoint=/api/v1/auth/login                  status=200 latency=  132.69ms
2026-06-08T07:52:34 UTC | INFO     | REQUEST  | method=GET    endpoint=/                                   status=200 latency=    0.54ms
2026-06-08T07:52:34 UTC | INFO     | AUTH     | user=cliente_001          network_delay=0.4172s
2026-06-08T07:52:34 UTC | INFO     | AUTH_OK  | user=cliente_001          account=MX-4821-0001 type=PREMIUM
2026-06-08T07:52:34 UTC | INFO     | REQUEST  | method=POST   endpoint=/api/v1/auth/login                  status=200 latency=  418.42ms
2026-06-08T07:52:35 UTC | INFO     | AUTH     | user=cliente_001          network_delay=1.3452s
2026-06-08T07:52:35 UTC | INFO     | AUTH_OK  | user=cliente_001          account=MX-4821-0001 type=PREMIUM
2026-06-08T07:52:35 UTC | INFO     | REQUEST  | method=POST   endpoint=/api/v1/auth/login                  status=200 latency= 1345.68ms
2026-06-08T07:52:36 UTC | INFO     | AUTH     | user=cliente_001          network_delay=0.9686s
2026-06-08T07:52:36 UTC | INFO     | AUTH_OK  | user=cliente_001          account=MX-4821-0001 type=PREMIUM
2026-06-08T07:52:36 UTC | INFO     | REQUEST  | method=POST   endpoint=/api/v1/auth/login                  status=200 latency=  971.71ms
2026-06-08T07:52:37 UTC | INFO     | AUTH     | user=cliente_001          network_delay=0.3165s
2026-06-08T07:52:37 UTC | INFO     | AUTH_OK  | user=cliente_001          account=MX-4821-0001 type=PREMIUM
2026-06-08T07:52:37 UTC | INFO     | REQUEST  | method=POST   endpoint=/api/v1/auth/login                  status=200 latency=  323.12ms
2026-06-08T07:52:37 UTC | INFO     | AUTH     | user=cliente_001          network_delay=0.6005s
2026-06-08T07:52:37 UTC | INFO     | AUTH_OK  | user=cliente_001          account=MX-4821-0001 type=PREMIUM
2026-06-08T07:52:37 UTC | INFO     | REQUEST  | method=POST   endpoint=/api/v1/auth/login                  status=200 latency=  610.63ms
2026-06-08T07:52:38 UTC | INFO     | AUTH     | user=cliente_001          network_delay=0.6903s
2026-06-08T07:52:38 UTC | INFO     | AUTH_OK  | user=cliente_001          account=MX-4821-0001 type=PREMIUM
2026-06-08T07:52:38 UTC | INFO     | REQUEST  | method=POST   endpoint=/api/v1/auth/login                  status=200 latency=  694.00ms
2026-06-08T07:52:38 UTC | INFO     | AUTH     | user=cliente_001          network_delay=0.2561s
2026-06-08T07:52:38 UTC | INFO     | AUTH_OK  | user=cliente_001          account=MX-4821-0001 type=PREMIUM
2026-06-08T07:52:38 UTC | INFO     | REQUEST  | method=POST   endpoint=/api/v1/auth/login                  status=200 latency=  257.32ms
2026-06-08T07:52:39 UTC | INFO     | AUTH     | user=cliente_001          network_delay=1.2794s
2026-06-08T07:52:39 UTC | INFO     | AUTH_OK  | user=cliente_001          account=MX-4821-0001 type=PREMIUM
2026-06-08T07:52:39 UTC | INFO     | REQUEST  | method=POST   endpoint=/api/v1/auth/login                  status=200 latency= 1281.69ms
2026-06-08T07:52:40 UTC | INFO     | AUTH     | user=cliente_001          network_delay=0.2828s
2026-06-08T07:52:40 UTC | INFO     | AUTH_OK  | user=cliente_001          account=MX-4821-0001 type=PREMIUM
2026-06-08T07:52:40 UTC | INFO     | REQUEST  | method=POST   endpoint=/api/v1/auth/login                  status=200 latency=  288.48ms
2026-06-08T07:52:40 UTC | INFO     | AUTH     | user=cliente_001          network_delay=0.3983s
2026-06-08T07:52:40 UTC | INFO     | AUTH_OK  | user=cliente_001          account=MX-4821-0001 type=PREMIUM
2026-06-08T07:52:40 UTC | INFO     | REQUEST  | method=POST   endpoint=/api/v1/auth/login                  status=200 latency=  401.09ms
2026-06-08T07:53:04 UTC | INFO     | REQUEST  | method=GET    endpoint=/                                   status=200 latency=   11.14ms
2026-06-08T07:53:35 UTC | INFO     | REQUEST  | method=GET    endpoint=/                                   status=200 latency=    0.42ms
2026-06-08T07:54:05 UTC | INFO     | REQUEST  | method=GET    endpoint=/                                   status=200 latency=    0.31ms
2026-06-08T07:54:36 UTC | INFO     | REQUEST  | method=GET    endpoint=/                                   status=200 latency=    0.34ms
2026-06-08T07:55:06 UTC | INFO     | REQUEST  | method=GET    endpoint=/                                   status=200 latency=    0.32ms
2026-06-08T07:55:36 UTC | INFO     | REQUEST  | method=GET    endpoint=/                                   status=200 latency=    0.30ms
2026-06-08T07:56:07 UTC | INFO     | REQUEST  | method=GET    endpoint=/                                   status=200 latency=    0.33ms
2026-06-08T07:56:38 UTC | INFO     | REQUEST  | method=GET    endpoint=/                                   status=200 latency=    0.32ms
2026-06-08T07:57:08 UTC | INFO     | REQUEST  | method=GET    endpoint=/                                   status=200 latency=    0.36ms
2026-06-08T07:57:39 UTC | INFO     | REQUEST  | method=GET    endpoint=/                                   status=200 latency=    0.28ms
2026-06-08T07:58:09 UTC | INFO     | REQUEST  | method=GET    endpoint=/                                   status=200 latency=    0.40ms
2026-06-08T07:58:40 UTC | INFO     | REQUEST  | method=GET    endpoint=/                                   status=200 latency=    0.55ms
                                                                                                                                         2026-06-08T17:03:05 UTC | INFO     | ======================================================================
2026-06-08T17:03:05 UTC | INFO     | STARTUP  | BGG Banking Simulator v1.0.0 iniciando...
2026-06-08T17:03:05 UTC | INFO     | STARTUP  | Log operativo: /app/logs/active/bgg_operativo.log
2026-06-08T17:03:05 UTC | INFO     | STARTUP  | Latencia simulada: 0.1s – 1.5s
2026-06-08T17:03:05 UTC | INFO     | ======================================================================
2026-06-08T17:03:36 UTC | INFO     | REQUEST  | method=GET    endpoint=/                                   status=200 latency=    3.86ms
2026-06-08T17:04:08 UTC | INFO     | REQUEST  | method=GET    endpoint=/                                   status=200 latency=    1.81ms
2026-06-08T17:04:40 UTC | INFO     | REQUEST  | method=GET    endpoint=/                                   status=200 latency=    4.85ms
2026-06-08T17:05:11 UTC | INFO     | REQUEST  | method=GET    endpoint=/                                   status=200 latency=    1.79ms
2026-06-08T17:05:43 UTC | INFO     | REQUEST  | method=GET    endpoint=/                                   status=200 latency=    0.93ms
2026-06-08T17:06:14 UTC | INFO     | REQUEST  | method=GET    endpoint=/                                   status=200 latency=    3.63ms
2026-06-08T17:06:46 UTC | INFO     | REQUEST  | method=GET    endpoint=/                                   status=200 latency=    1.57ms
2026-06-08T17:07:18 UTC | INFO     | REQUEST  | method=GET    endpoint=/                                   status=200 latency=    9.50ms
2026-06-08T17:07:50 UTC | INFO     | REQUEST  | method=GET    endpoint=/                                   status=200 latency=    2.04ms
2026-06-08T17:08:21 UTC | INFO     | REQUEST  | method=GET    endpoint=/                                   status=200 latency=    2.60ms
2026-06-08T17:08:53 UTC | INFO     | REQUEST  | method=GET    endpoint=/                                   status=200 latency=   10.86ms
2026-06-08T17:09:25 UTC | INFO     | REQUEST  | method=GET    endpoint=/                                   status=200 latency=    1.48ms
2026-06-08T17:09:57 UTC | INFO     | REQUEST  | method=GET    endpoint=/                                   status=200 latency=    1.57ms
2026-06-08T17:10:28 UTC | INFO     | REQUEST  | method=GET    endpoint=/                                   status=200 latency=    0.56ms
2026-06-08T17:11:01 UTC | INFO     | REQUEST  | method=GET    endpoint=/                                   status=200 latency=    1.24ms
2026-06-08T17:11:33 UTC | INFO     | REQUEST  | method=GET    endpoint=/                                   status=200 latency=    2.82ms
2026-06-08T17:12:03 UTC | INFO     | REQUEST  | method=GET    endpoint=/                                   status=200 latency=    0.76ms
2026-06-08T17:12:34 UTC | INFO     | REQUEST  | method=GET    endpoint=/                                   status=200 latency=    0.64ms
2026-06-08T17:13:05 UTC | INFO     | REQUEST  | method=GET    endpoint=/                                   status=200 latency=    0.86ms
2026-06-08T17:13:36 UTC | INFO     | REQUEST  | method=GET    endpoint=/                                   status=200 latency=    1.74ms
2026-06-08T17:14:06 UTC | INFO     | REQUEST  | method=GET    endpoint=/                                   status=200 latency=    2.93ms
2026-06-08T17:14:37 UTC | INFO     | REQUEST  | method=GET    endpoint=/                                   status=200 latency=    0.54ms
2026-06-08T17:15:07 UTC | INFO     | REQUEST  | method=GET    endpoint=/                                   status=200 latency=    2.55ms
2026-06-08T17:15:38 UTC | INFO     | REQUEST  | method=GET    endpoint=/                                   status=200 latency=    0.62ms
2026-06-08T17:16:09 UTC | INFO     | REQUEST  | method=GET    endpoint=/                                   status=200 latency=    0.52ms
2026-06-08T17:16:39 UTC | INFO     | REQUEST  | method=GET    endpoint=/                                   status=200 latency=    1.88ms
2026-06-08T17:17:10 UTC | INFO     | REQUEST  | method=GET    endpoint=/                                   status=200 latency=    1.83ms
2026-06-08T17:17:41 UTC | INFO     | REQUEST  | method=GET    endpoint=/                                   status=200 latency=    1.45ms
2026-06-08T17:18:11 UTC | INFO     | REQUEST  | method=GET    endpoint=/                                   status=200 latency=    7.53ms
2026-06-08T17:18:42 UTC | INFO     | REQUEST  | method=GET    endpoint=/                                   status=200 latency=    0.48ms
2026-06-08T17:19:12 UTC | INFO     | REQUEST  | method=GET    endpoint=/                                   status=200 latency=    0.75ms
2026-06-08T17:19:43 UTC | INFO     | REQUEST  | method=GET    endpoint=/                                   status=200 latency=    5.90ms
2026-06-08T17:20:13 UTC | INFO     | REQUEST  | method=GET    endpoint=/                                   status=200 latency=    0.31ms
2026-06-08T17:20:44 UTC | INFO     | REQUEST  | method=GET    endpoint=/                                   status=200 latency=    1.90ms
2026-06-08T17:21:15 UTC | INFO     | REQUEST  | method=GET    endpoint=/                                   status=200 latency=    2.06ms
2026-06-08T17:21:45 UTC | INFO     | REQUEST  | method=GET    endpoint=/                                   status=200 latency=    0.61ms
2026-06-08T17:22:16 UTC | INFO     | REQUEST  | method=GET    endpoint=/                                   status=200 latency=    2.87ms
2026-06-08T17:22:46 UTC | INFO     | REQUEST  | method=GET    endpoint=/                                   status=200 latency=    2.45ms
2026-06-08T17:23:17 UTC | INFO     | REQUEST  | method=GET    endpoint=/                                   status=200 latency=    1.92ms
2026-06-08T17:23:47 UTC | INFO     | REQUEST  | method=GET    endpoint=/                                   status=200 latency=    0.36ms
2026-06-08T17:24:18 UTC | INFO     | REQUEST  | method=GET    endpoint=/                                   status=200 latency=    0.29ms
2026-06-08T17:24:48 UTC | INFO     | REQUEST  | method=GET    endpoint=/                                   status=200 latency=    0.81ms
2026-06-08T17:25:19 UTC | INFO     | REQUEST  | method=GET    endpoint=/                                   status=200 latency=    0.34ms
2026-06-08T17:25:49 UTC | INFO     | REQUEST  | method=GET    endpoint=/                                   status=200 latency=    1.68ms
2026-06-08T17:26:20 UTC | INFO     | REQUEST  | method=GET    endpoint=/                                   status=200 latency=    0.88ms
2026-06-08T17:26:51 UTC | INFO     | REQUEST  | method=GET    endpoint=/                                   status=200 latency=    2.85ms
2026-06-08T17:27:21 UTC | INFO     | REQUEST  | method=GET    endpoint=/                                   status=200 latency=    4.38ms
2026-06-08T17:27:51 UTC | INFO     | REQUEST  | method=GET    endpoint=/                                   status=200 latency=    1.97ms
2026-06-08T17:28:22 UTC | INFO     | REQUEST  | method=GET    endpoint=/                                   status=200 latency=    1.39ms
2026-06-08T17:28:52 UTC | INFO     | REQUEST  | method=GET    endpoint=/                                   status=200 latency=    4.96ms
2026-06-08T17:29:23 UTC | INFO     | REQUEST  | method=GET    endpoint=/                                   status=200 latency=    2.15ms
2026-06-08T17:29:53 UTC | INFO     | REQUEST  | method=GET    endpoint=/                                   status=200 latency=    2.57ms
2026-06-08T17:30:24 UTC | INFO     | REQUEST  | method=GET    endpoint=/                                   status=200 latency=    0.49ms
2026-06-08T17:30:54 UTC | INFO     | REQUEST  | method=GET    endpoint=/                                   status=200 latency=    0.35ms
2026-06-08T17:31:25 UTC | INFO     | REQUEST  | method=GET    endpoint=/                                   status=200 latency=    2.58ms
2026-06-08T17:31:55 UTC | INFO     | REQUEST  | method=GET    endpoint=/                                   status=200 latency=    0.86ms
2026-06-08T17:32:26 UTC | INFO     | REQUEST  | method=GET    endpoint=/                                   status=200 latency=    4.31ms
2026-06-08T17:32:58 UTC | INFO     | REQUEST  | method=GET    endpoint=/                                   status=200 latency=    0.56ms
2026-06-08T17:33:30 UTC | INFO     | REQUEST  | method=GET    endpoint=/                                   status=200 latency=    6.61ms
2026-06-08T17:34:02 UTC | INFO     | REQUEST  | method=GET    endpoint=/                                   status=200 latency=    7.42ms
2026-06-08T17:34:33 UTC | INFO     | REQUEST  | method=GET    endpoint=/                                   status=200 latency=    4.66ms
2026-06-08T17:35:05 UTC | INFO     | REQUEST  | method=GET    endpoint=/                                   status=200 latency=    2.34ms
2026-06-08T17:35:37 UTC | INFO     | REQUEST  | method=GET    endpoint=/                                   status=200 latency=    8.69ms
2026-06-08T17:36:07 UTC | INFO     | REQUEST  | method=GET    endpoint=/                                   status=200 latency=    3.87ms
2026-06-08T17:36:38 UTC | INFO     | REQUEST  | method=GET    endpoint=/                                   status=200 latency=    0.34ms
2026-06-08T17:37:08 UTC | INFO     | REQUEST  | method=GET    endpoint=/                                   status=200 latency=    0.51ms
2026-06-08T17:37:39 UTC | INFO     | REQUEST  | method=GET    endpoint=/                                   status=200 latency=    0.32ms
2026-06-08T17:38:09 UTC | INFO     | REQUEST  | method=GET    endpoint=/                                   status=200 latency=    1.64ms
2026-06-08T17:38:40 UTC | INFO     | REQUEST  | method=GET    endpoint=/                                   status=200 latency=    0.35ms
2026-06-08T17:39:10 UTC | INFO     | REQUEST  | method=GET    endpoint=/                                   status=200 latency=    0.33ms
2026-06-08T17:39:41 UTC | INFO     | REQUEST  | method=GET    endpoint=/                                   status=200 latency=    0.68ms
2026-06-08T17:40:11 UTC | INFO     | REQUEST  | method=GET    endpoint=/                                   status=200 latency=    0.27ms
2026-06-08T17:40:42 UTC | INFO     | REQUEST  | method=GET    endpoint=/                                   status=200 latency=    5.24ms
2026-06-08T17:41:12 UTC | INFO     | REQUEST  | method=GET    endpoint=/                                   status=200 latency=    1.65ms
2026-06-08T17:41:43 UTC | INFO     | REQUEST  | method=GET    endpoint=/                                   status=200 latency=    3.38ms
2026-06-08T17:42:13 UTC | INFO     | REQUEST  | method=GET    endpoint=/                                   status=200 latency=    5.30ms
2026-06-08T17:42:44 UTC | INFO     | REQUEST  | method=GET    endpoint=/                                   status=200 latency=    2.08ms
2026-06-08T17:43:15 UTC | INFO     | REQUEST  | method=GET    endpoint=/                                   status=200 latency=    0.68ms
2026-06-08T17:43:45 UTC | INFO     | REQUEST  | method=GET    endpoint=/                                   status=200 latency=    3.82ms
2026-06-08T17:44:16 UTC | INFO     | REQUEST  | method=GET    endpoint=/                                   status=200 latency=    0.70ms
2026-06-08T17:44:44 UTC | INFO     | AUTH     | user=cliente_001          network_delay=0.8596s
2026-06-08T17:44:44 UTC | INFO     | AUTH_OK  | user=cliente_001          account=MX-4821-0001 type=PREMIUM
2026-06-08T17:44:44 UTC | INFO     | REQUEST  | method=POST   endpoint=/api/v1/auth/login                  status=200 latency= 1413.61ms
2026-06-08T17:44:46 UTC | INFO     | REQUEST  | method=GET    endpoint=/                                   status=200 latency=    0.86ms
2026-06-08T17:44:47 UTC | INFO     | AUTH     | user=cliente_001          network_delay=0.3715s
2026-06-08T17:44:47 UTC | INFO     | AUTH_OK  | user=cliente_001          account=MX-4821-0001 type=PREMIUM
2026-06-08T17:44:47 UTC | INFO     | REQUEST  | method=POST   endpoint=/api/v1/auth/login                  status=200 latency=  374.08ms
2026-06-08T17:44:50 UTC | INFO     | AUTH     | user=cliente_001          network_delay=0.6654s
2026-06-08T17:44:50 UTC | INFO     | AUTH_OK  | user=cliente_001          account=MX-4821-0001 type=PREMIUM
2026-06-08T17:44:50 UTC | INFO     | REQUEST  | method=POST   endpoint=/api/v1/auth/login                  status=200 latency=  668.07ms
2026-06-08T17:44:52 UTC | INFO     | AUTH     | user=cliente_001          network_delay=0.4983s
2026-06-08T17:44:52 UTC | INFO     | AUTH_OK  | user=cliente_001          account=MX-4821-0001 type=PREMIUM
2026-06-08T17:44:52 UTC | INFO     | REQUEST  | method=POST   endpoint=/api/v1/auth/login                  status=200 latency=  502.37ms
2026-06-08T17:44:55 UTC | INFO     | AUTH     | user=cliente_001          network_delay=0.9747s
2026-06-08T17:44:55 UTC | INFO     | AUTH_OK  | user=cliente_001          account=MX-4821-0001 type=PREMIUM
2026-06-08T17:44:55 UTC | INFO     | REQUEST  | method=POST   endpoint=/api/v1/auth/login                  status=200 latency=  986.08ms
2026-06-08T17:44:58 UTC | INFO     | AUTH     | user=cliente_001          network_delay=1.1044s
2026-06-08T17:44:58 UTC | INFO     | AUTH_OK  | user=cliente_001          account=MX-4821-0001 type=PREMIUM
2026-06-08T17:44:58 UTC | INFO     | REQUEST  | method=POST   endpoint=/api/v1/auth/login                  status=200 latency= 1107.23ms
2026-06-08T17:45:02 UTC | INFO     | AUTH     | user=cliente_001          network_delay=1.0394s
2026-06-08T17:45:02 UTC | INFO     | AUTH_OK  | user=cliente_001          account=MX-4821-0001 type=PREMIUM
2026-06-08T17:45:02 UTC | INFO     | REQUEST  | method=POST   endpoint=/api/v1/auth/login                  status=200 latency= 1048.21ms
2026-06-08T17:45:04 UTC | INFO     | AUTH     | user=cliente_001          network_delay=0.5496s
2026-06-08T17:45:04 UTC | INFO     | AUTH_OK  | user=cliente_001          account=MX-4821-0001 type=PREMIUM
2026-06-08T17:45:04 UTC | INFO     | REQUEST  | method=POST   endpoint=/api/v1/auth/login                  status=200 latency=  551.67ms
2026-06-08T17:45:07 UTC | INFO     | AUTH     | user=cliente_001          network_delay=0.7296s
2026-06-08T17:45:07 UTC | INFO     | AUTH_OK  | user=cliente_001          account=MX-4821-0001 type=PREMIUM
2026-06-08T17:45:07 UTC | INFO     | REQUEST  | method=POST   endpoint=/api/v1/auth/login                  status=200 latency=  733.25ms
2026-06-08T17:45:10 UTC | INFO     | AUTH     | user=cliente_001          network_delay=0.8367s
2026-06-08T17:45:10 UTC | INFO     | AUTH_OK  | user=cliente_001          account=MX-4821-0001 type=PREMIUM
2026-06-08T17:45:10 UTC | INFO     | REQUEST  | method=POST   endpoint=/api/v1/auth/login                  status=200 latency=  844.58ms
2026-06-08T17:45:17 UTC | INFO     | REQUEST  | method=GET    endpoint=/                                   status=200 latency=    0.32ms
2026-06-08T17:45:47 UTC | INFO     | REQUEST  | method=GET    endpoint=/                                   status=200 latency=    0.58ms
2026-06-08T17:46:18 UTC | INFO     | REQUEST  | method=GET    endpoint=/                                   status=200 latency=    0.51ms
2026-06-08T17:46:49 UTC | INFO     | REQUEST  | method=GET    endpoint=/                                   status=200 latency=    0.30ms
2026-06-08T17:47:19 UTC | INFO     | REQUEST  | method=GET    endpoint=/                                   status=200 latency=    0.68ms
2026-06-08T17:47:50 UTC | INFO     | REQUEST  | method=GET    endpoint=/                                   status=200 latency=    3.95ms
2026-06-08T17:48:21 UTC | INFO     | REQUEST  | method=GET    endpoint=/                                   status=200 latency=    0.38ms
2026-06-08T17:48:52 UTC | INFO     | REQUEST  | method=GET    endpoint=/                                   status=200 latency=    0.62ms
2026-06-08T17:49:22 UTC | INFO     | REQUEST  | method=GET    endpoint=/                                   status=200 latency=    1.51ms
2026-06-08T17:49:53 UTC | INFO     | REQUEST  | method=GET    endpoint=/                                   status=200 latency=    0.30ms
2026-06-08T17:50:23 UTC | INFO     | REQUEST  | method=GET    endpoint=/                                   status=200 latency=    2.99ms
2026-06-08T17:50:54 UTC | INFO     | REQUEST  | method=GET    endpoint=/                                   status=200 latency=    0.56ms
2026-06-08T17:51:24 UTC | INFO     | REQUEST  | method=GET    endpoint=/                                   status=200 latency=    0.29ms
2026-06-08T17:51:55 UTC | INFO     | REQUEST  | method=GET    endpoint=/                                   status=200 latency=    1.50ms
2026-06-08T17:52:26 UTC | INFO     | REQUEST  | method=GET    endpoint=/                                   status=200 latency=    0.77ms
2026-06-08T17:52:56 UTC | INFO     | REQUEST  | method=GET    endpoint=/                                   status=200 latency=    0.63ms
2026-06-08T17:53:27 UTC | INFO     | REQUEST  | method=GET    endpoint=/                                   status=200 latency=    0.47ms
2026-06-08T17:53:58 UTC | INFO     | REQUEST  | method=GET    endpoint=/                                   status=200 latency=    0.51ms
2026-06-08T17:54:28 UTC | INFO     | REQUEST  | method=GET    endpoint=/                                   status=200 latency=    0.32ms
2026-06-08T17:54:59 UTC | INFO     | REQUEST  | method=GET    endpoint=/                                   status=200 latency=    0.36ms
2026-06-08T17:55:29 UTC | INFO     | REQUEST  | method=GET    endpoint=/                                   status=200 latency=    2.77ms
2026-06-08T17:55:59 UTC | INFO     | REQUEST  | method=GET    endpoint=/                                   status=200 latency=    0.46ms
2026-06-08T17:56:30 UTC | INFO     | REQUEST  | method=GET    endpoint=/                                   status=200 latency=    0.81ms
2026-06-08T17:57:01 UTC | INFO     | REQUEST  | method=GET    endpoint=/                                   status=200 latency=    0.31ms
2026-06-08T17:57:31 UTC | INFO     | REQUEST  | method=GET    endpoint=/                                   status=200 latency=    0.32ms
2026-06-08T17:58:01 UTC | INFO     | REQUEST  | method=GET    endpoint=/                                   status=200 latency=    0.32ms
2026-06-08T17:58:32 UTC | INFO     | REQUEST  | method=GET    endpoint=/                                   status=200 latency=    0.28ms
2026-06-08T17:59:02 UTC | INFO     | REQUEST  | method=GET    endpoint=/                                   status=200 latency=    0.33ms
2026-06-08T17:59:33 UTC | INFO     | REQUEST  | method=GET    endpoint=/                                   status=200 latency=    3.54ms
2026-06-08T18:00:03 UTC | INFO     | REQUEST  | method=GET    endpoint=/                                   status=200 latency=    0.61ms
2026-06-08T18:00:34 UTC | INFO     | REQUEST  | method=GET    endpoint=/                                   status=200 latency=    0.55ms
2026-06-08T18:01:04 UTC | INFO     | REQUEST  | method=GET    endpoint=/                                   status=200 latency=    2.76ms
2026-06-08T18:01:35 UTC | INFO     | REQUEST  | method=GET    endpoint=/                                   status=200 latency=    4.18ms
2026-06-08T18:02:05 UTC | INFO     | REQUEST  | method=GET    endpoint=/                                   status=200 latency=    0.27ms
2026-06-08T18:02:36 UTC | INFO     | REQUEST  | method=GET    endpoint=/                                   status=200 latency=    0.54ms
2026-06-08T18:03:07 UTC | INFO     | REQUEST  | method=GET    endpoint=/                                   status=200 latency=  606.60ms
2026-06-08T18:03:38 UTC | INFO     | REQUEST  | method=GET    endpoint=/                                   status=200 latency=   13.22ms
2026-06-08T18:04:08 UTC | INFO     | REQUEST  | method=GET    endpoint=/                                   status=200 latency=    0.49ms
2026-06-08T18:04:40 UTC | INFO     | REQUEST  | method=GET    endpoint=/                                   status=200 latency=    2.14ms
2026-06-08T18:05:10 UTC | INFO     | REQUEST  | method=GET    endpoint=/                                   status=200 latency=    0.62ms
2026-06-08T18:05:41 UTC | INFO     | REQUEST  | method=GET    endpoint=/                                   status=200 latency=    0.34ms
2026-06-08T18:06:11 UTC | INFO     | REQUEST  | method=GET    endpoint=/                                   status=200 latency=    0.45ms
2026-06-08T18:06:42 UTC | INFO     | REQUEST  | method=GET    endpoint=/                                   status=200 latency=    0.28ms
2026-06-08T18:07:12 UTC | INFO     | REQUEST  | method=GET    endpoint=/                                   status=200 latency=    0.42ms
2026-06-08T18:07:42 UTC | INFO     | REQUEST  | method=GET    endpoint=/                                   status=200 latency=    0.44ms
2026-06-08T18:08:13 UTC | INFO     | REQUEST  | method=GET    endpoint=/                                   status=200 latency=    0.32ms
2026-06-08T18:08:44 UTC | INFO     | REQUEST  | method=GET    endpoint=/                                   status=200 latency=    0.40ms
2026-06-08T18:09:14 UTC | INFO     | REQUEST  | method=GET    endpoint=/                                   status=200 latency=    0.34ms
2026-06-08T18:09:44 UTC | INFO     | REQUEST  | method=GET    endpoint=/                                   status=200 latency=    0.33ms
2026-06-08T18:10:15 UTC | INFO     | REQUEST  | method=GET    endpoint=/                                   status=200 latency=    5.07ms
2026-06-08T18:10:45 UTC | INFO     | REQUEST  | method=GET    endpoint=/                                   status=200 latency=    1.34ms
2026-06-08T18:11:16 UTC | INFO     | REQUEST  | method=GET    endpoint=/                                   status=200 latency=    0.32ms
2026-06-08T18:11:46 UTC | INFO     | REQUEST  | method=GET    endpoint=/                                   status=200 latency=    0.34ms
2026-06-08T18:12:17 UTC | INFO     | REQUEST  | method=GET    endpoint=/                                   status=200 latency=    0.29ms
2026-06-08T18:12:47 UTC | INFO     | REQUEST  | method=GET    endpoint=/                                   status=200 latency=    2.72ms
2026-06-08T18:13:18 UTC | INFO     | REQUEST  | method=GET    endpoint=/                                   status=200 latency=    0.64ms
2026-06-08T18:13:48 UTC | INFO     | REQUEST  | method=GET    endpoint=/                                   status=200 latency=    0.63ms
2026-06-08T18:14:19 UTC | INFO     | REQUEST  | method=GET    endpoint=/                                   status=200 latency=    3.25ms
2026-06-08T18:14:50 UTC | INFO     | REQUEST  | method=GET    endpoint=/                                   status=200 latency=    0.97ms
2026-06-08T18:15:22 UTC | INFO     | REQUEST  | method=GET    endpoint=/                                   status=200 latency=    0.62ms
2026-06-08T18:15:54 UTC | INFO     | REQUEST  | method=GET    endpoint=/                                   status=200 latency=    4.64ms
2026-06-08T18:16:26 UTC | INFO     | REQUEST  | method=GET    endpoint=/                                   status=200 latency=    3.33ms
2026-06-08T18:16:58 UTC | INFO     | REQUEST  | method=GET    endpoint=/                                   status=200 latency=    0.99ms
2026-06-08T18:17:30 UTC | INFO     | REQUEST  | method=GET    endpoint=/                                   status=200 latency=    1.78ms
2026-06-08T18:18:01 UTC | INFO     | REQUEST  | method=GET    endpoint=/                                   status=200 latency=    0.81ms
2026-06-08T18:18:33 UTC | INFO     | REQUEST  | method=GET    endpoint=/                                   status=200 latency=    1.31ms
2026-06-08T18:19:05 UTC | INFO     | REQUEST  | method=GET    endpoint=/                                   status=200 latency=    2.17ms
2026-06-08T18:19:36 UTC | INFO     | REQUEST  | method=GET    endpoint=/                                   status=200 latency=    4.94ms
2026-06-08T18:20:08 UTC | INFO     | REQUEST  | method=GET    endpoint=/                                   status=200 latency=    6.95ms
2026-06-08T18:20:39 UTC | INFO     | REQUEST  | method=GET    endpoint=/                                   status=200 latency=    4.95ms
2026-06-08T18:21:11 UTC | INFO     | REQUEST  | method=GET    endpoint=/                                   status=200 latency=    2.54ms
2026-06-08T18:21:43 UTC | INFO     | REQUEST  | method=GET    endpoint=/                                   status=200 latency=    1.12ms
2026-06-08T18:22:14 UTC | INFO     | REQUEST  | method=GET    endpoint=/                                   status=200 latency=    8.61ms
2026-06-08T18:22:46 UTC | INFO     | REQUEST  | method=GET    endpoint=/                                   status=200 latency=    1.08ms
2026-06-08T18:23:17 UTC | INFO     | REQUEST  | method=GET    endpoint=/                                   status=200 latency=    1.39ms
2026-06-08T18:23:48 UTC | INFO     | REQUEST  | method=GET    endpoint=/                                   status=200 latency=    6.30ms
2026-06-08T18:24:20 UTC | INFO     | REQUEST  | method=GET    endpoint=/                                   status=200 latency=    2.93ms
2026-06-08T18:24:52 UTC | INFO     | REQUEST  | method=GET    endpoint=/                                   status=200 latency=    0.69ms
2026-06-08T18:25:23 UTC | INFO     | REQUEST  | method=GET    endpoint=/                                   status=200 latency=    0.68ms
2026-06-08T18:25:55 UTC | INFO     | REQUEST  | method=GET    endpoint=/                                   status=200 latency=    9.04ms
2026-06-08T18:26:27 UTC | INFO     | REQUEST  | method=GET    endpoint=/                                   status=200 latency=    2.07ms
2026-06-08T18:26:58 UTC | INFO     | REQUEST  | method=GET    endpoint=/                                   status=200 latency=    2.45ms
2026-06-08T18:27:29 UTC | INFO     | REQUEST  | method=GET    endpoint=/                                   status=200 latency=    0.50ms
2026-06-08T18:27:59 UTC | INFO     | REQUEST  | method=GET    endpoint=/                                   status=200 latency=    0.31ms
2026-06-08T18:28:30 UTC | INFO     | REQUEST  | method=GET    endpoint=/                                   status=200 latency=    0.89ms
2026-06-08T18:29:00 UTC | INFO     | REQUEST  | method=GET    endpoint=/                                   status=200 latency=    1.00ms
2026-06-08T18:29:31 UTC | INFO     | REQUEST  | method=GET    endpoint=/                                   status=200 latency=    1.55ms
2026-06-08T18:30:04 UTC | INFO     | REQUEST  | method=GET    endpoint=/                                   status=200 latency=    0.63ms
2026-06-08T18:30:34 UTC | INFO     | REQUEST  | method=GET    endpoint=/                                   status=200 latency=    0.42ms
2026-06-08T18:31:05 UTC | INFO     | REQUEST  | method=GET    endpoint=/                                   status=200 latency=    0.86ms
2026-06-08T18:31:35 UTC | INFO     | REQUEST  | method=GET    endpoint=/                                   status=200 latency=    0.30ms
2026-06-08T18:32:06 UTC | INFO     | REQUEST  | method=GET    endpoint=/                                   status=200 latency=    0.30ms
2026-06-08T18:32:37 UTC | INFO     | REQUEST  | method=GET    endpoint=/                                   status=200 latency=    0.38ms
2026-06-08T18:33:08 UTC | INFO     | REQUEST  | method=GET    endpoint=/                                   status=200 latency=    0.67ms
2026-06-08T18:33:38 UTC | INFO     | REQUEST  | method=GET    endpoint=/                                   status=200 latency=    0.28ms
2026-06-08T18:34:09 UTC | INFO     | REQUEST  | method=GET    endpoint=/                                   status=200 latency=    0.28ms
2026-06-08T18:34:39 UTC | INFO     | REQUEST  | method=GET    endpoint=/                                   status=200 latency=    0.30ms
2026-06-08T18:35:10 UTC | INFO     | REQUEST  | method=GET    endpoint=/                                   status=200 latency=    0.50ms
2026-06-08T18:35:40 UTC | INFO     | REQUEST  | method=GET    endpoint=/                                   status=200 latency=    0.61ms
2026-06-08T18:36:11 UTC | INFO     | REQUEST  | method=GET    endpoint=/                                   status=200 latency=    5.28ms
2026-06-08T18:36:42 UTC | INFO     | REQUEST  | method=GET    endpoint=/                                   status=200 latency=    0.27ms
2026-06-08T18:37:11 UTC | INFO     | AUTH     | user=cliente_001          network_delay=0.5808s
2026-06-08T18:37:13 UTC | INFO     | AUTH_OK  | user=cliente_001          account=MX-4821-0001 type=PREMIUM
2026-06-08T18:37:13 UTC | INFO     | REQUEST  | method=POST   endpoint=/api/v1/auth/login                  status=200 latency= 2452.26ms
2026-06-08T18:37:14 UTC | INFO     | REQUEST  | method=GET    endpoint=/                                   status=200 latency=    0.29ms
2026-06-08T18:37:16 UTC | INFO     | AUTH     | user=cliente_001          network_delay=0.7177s
2026-06-08T18:37:16 UTC | INFO     | AUTH_OK  | user=cliente_001          account=MX-4821-0001 type=PREMIUM
2026-06-08T18:37:16 UTC | INFO     | REQUEST  | method=POST   endpoint=/api/v1/auth/login                  status=200 latency=  724.32ms
2026-06-08T18:37:19 UTC | INFO     | AUTH     | user=cliente_001          network_delay=1.2206s
2026-06-08T18:37:19 UTC | INFO     | AUTH_OK  | user=cliente_001          account=MX-4821-0001 type=PREMIUM
2026-06-08T18:37:19 UTC | INFO     | REQUEST  | method=POST   endpoint=/api/v1/auth/login                  status=200 latency= 1225.63ms
2026-06-08T18:37:22 UTC | INFO     | AUTH     | user=cliente_001          network_delay=0.7186s
2026-06-08T18:37:22 UTC | INFO     | AUTH_OK  | user=cliente_001          account=MX-4821-0001 type=PREMIUM
2026-06-08T18:37:22 UTC | INFO     | REQUEST  | method=POST   endpoint=/api/v1/auth/login                  status=200 latency=  720.01ms
2026-06-08T18:37:25 UTC | INFO     | AUTH     | user=cliente_001          network_delay=0.5381s
2026-06-08T18:37:25 UTC | INFO     | AUTH_OK  | user=cliente_001          account=MX-4821-0001 type=PREMIUM
2026-06-08T18:37:25 UTC | INFO     | REQUEST  | method=POST   endpoint=/api/v1/auth/login                  status=200 latency=  549.70ms
2026-06-08T18:37:28 UTC | INFO     | AUTH     | user=cliente_001          network_delay=1.4072s
2026-06-08T18:37:28 UTC | INFO     | AUTH_OK  | user=cliente_001          account=MX-4821-0001 type=PREMIUM
2026-06-08T18:37:28 UTC | INFO     | REQUEST  | method=POST   endpoint=/api/v1/auth/login                  status=200 latency= 1410.93ms
2026-06-08T18:37:31 UTC | INFO     | AUTH     | user=cliente_001          network_delay=0.5394s
2026-06-08T18:37:31 UTC | INFO     | AUTH_OK  | user=cliente_001          account=MX-4821-0001 type=PREMIUM
2026-06-08T18:37:31 UTC | INFO     | REQUEST  | method=POST   endpoint=/api/v1/auth/login                  status=200 latency=  545.11ms
2026-06-08T18:37:34 UTC | INFO     | AUTH     | user=cliente_001          network_delay=0.4136s
2026-06-08T18:37:34 UTC | INFO     | AUTH_OK  | user=cliente_001          account=MX-4821-0001 type=PREMIUM
2026-06-08T18:37:34 UTC | INFO     | REQUEST  | method=POST   endpoint=/api/v1/auth/login                  status=200 latency=  416.09ms
2026-06-08T18:37:37 UTC | INFO     | AUTH     | user=cliente_001          network_delay=1.0420s
2026-06-08T18:37:37 UTC | INFO     | AUTH_OK  | user=cliente_001          account=MX-4821-0001 type=PREMIUM
2026-06-08T18:37:37 UTC | INFO     | REQUEST  | method=POST   endpoint=/api/v1/auth/login                  status=200 latency= 1049.08ms
2026-06-08T18:37:40 UTC | INFO     | AUTH     | user=cliente_001          network_delay=1.1556s
2026-06-08T18:37:40 UTC | INFO     | AUTH_OK  | user=cliente_001          account=MX-4821-0001 type=PREMIUM
2026-06-08T18:37:40 UTC | INFO     | REQUEST  | method=POST   endpoint=/api/v1/auth/login                  status=200 latency= 1166.91ms
2026-06-08T18:37:45 UTC | INFO     | REQUEST  | method=GET    endpoint=/                                   status=200 latency=    0.31ms
2026-06-08T18:38:16 UTC | INFO     | REQUEST  | method=GET    endpoint=/                                   status=200 latency=    3.25ms
2026-06-08T18:38:46 UTC | INFO     | REQUEST  | method=GET    endpoint=/                                   status=200 latency=    0.60ms
2026-06-08T18:39:18 UTC | INFO     | REQUEST  | method=GET    endpoint=/                                   status=200 latency=    0.29ms
2026-06-08T18:39:48 UTC | INFO     | REQUEST  | method=GET    endpoint=/                                   status=200 latency=    0.36ms
2026-06-08T18:40:19 UTC | INFO     | REQUEST  | method=GET    endpoint=/                                   status=200 latency=    1.70ms
2026-06-08T18:40:50 UTC | INFO     | REQUEST  | method=GET    endpoint=/                                   status=200 latency=    0.38ms
2026-06-08T18:41:20 UTC | INFO     | REQUEST  | method=GET    endpoint=/                                   status=200 latency=    1.01ms
2026-06-08T18:41:51 UTC | INFO     | REQUEST  | method=GET    endpoint=/                                   status=200 latency=    0.28ms
2026-06-08T18:42:22 UTC | INFO     | REQUEST  | method=GET    endpoint=/                                   status=200 latency=    0.56ms
2026-06-08T18:42:52 UTC | INFO     | REQUEST  | method=GET    endpoint=/                                   status=200 latency=    0.56ms
2026-06-08T18:43:23 UTC | INFO     | REQUEST  | method=GET    endpoint=/                                   status=200 latency=    0.31ms
2026-06-08T18:43:53 UTC | INFO     | REQUEST  | method=GET    endpoint=/                                   status=200 latency=    0.75ms
2026-06-08T18:44:24 UTC | INFO     | REQUEST  | method=GET    endpoint=/                                   status=200 latency=    0.49ms
2026-06-08T18:44:54 UTC | INFO     | REQUEST  | method=GET    endpoint=/                                   status=200 latency=    5.18ms
2026-06-08T18:45:26 UTC | INFO     | REQUEST  | method=GET    endpoint=/                                   status=200 latency=    0.44ms
2026-06-08T18:45:57 UTC | INFO     | REQUEST  | method=GET    endpoint=/                                   status=200 latency=    0.87ms
2026-06-08T18:46:27 UTC | INFO     | REQUEST  | method=GET    endpoint=/                                   status=200 latency=    0.33ms
2026-06-08T18:46:58 UTC | INFO     | REQUEST  | method=GET    endpoint=/                                   status=200 latency=    0.72ms
2026-06-08T18:47:28 UTC | INFO     | REQUEST  | method=GET    endpoint=/                                   status=200 latency=    1.35ms
2026-06-08T18:47:58 UTC | INFO     | REQUEST  | method=GET    endpoint=/                                   status=200 latency=    0.29ms
2026-06-08T18:48:29 UTC | INFO     | REQUEST  | method=GET    endpoint=/                                   status=200 latency=    0.64ms
2026-06-08T18:48:59 UTC | INFO     | REQUEST  | method=GET    endpoint=/                                   status=200 latency=    0.74ms
2026-06-08T18:49:30 UTC | INFO     | REQUEST  | method=GET    endpoint=/                                   status=200 latency=    0.53ms
2026-06-08T18:50:01 UTC | INFO     | REQUEST  | method=GET    endpoint=/                                   status=200 latency=    0.60ms
2026-06-08T18:50:31 UTC | INFO     | REQUEST  | method=GET    endpoint=/                                   status=200 latency=    4.77ms
2026-06-08T18:51:02 UTC | INFO     | REQUEST  | method=GET    endpoint=/                                   status=200 latency=    0.38ms
2026-06-08T18:51:33 UTC | INFO     | REQUEST  | method=GET    endpoint=/                                   status=200 latency=    0.39ms
2026-06-08T18:52:04 UTC | INFO     | REQUEST  | method=GET    endpoint=/                                   status=200 latency=    1.48ms
2026-06-08T18:52:35 UTC | INFO     | REQUEST  | method=GET    endpoint=/                                   status=200 latency=    0.46ms
2026-06-08T18:53:05 UTC | INFO     | REQUEST  | method=GET    endpoint=/                                   status=200 latency=    0.32ms
2026-06-08T18:53:36 UTC | INFO     | REQUEST  | method=GET    endpoint=/                                   status=200 latency=    0.43ms
2026-06-08T18:54:06 UTC | INFO     | REQUEST  | method=GET    endpoint=/                                   status=200 latency=    1.69ms
2026-06-08T18:54:37 UTC | INFO     | REQUEST  | method=GET    endpoint=/                                   status=200 latency=    0.29ms
2026-06-08T18:55:08 UTC | INFO     | REQUEST  | method=GET    endpoint=/                                   status=200 latency=    0.30ms
2026-06-08T18:55:38 UTC | INFO     | REQUEST  | method=GET    endpoint=/                                   status=200 latency=    0.70ms
2026-06-08T18:56:09 UTC | INFO     | REQUEST  | method=GET    endpoint=/                                   status=200 latency=    3.05ms
2026-06-08T18:56:39 UTC | INFO     | REQUEST  | method=GET    endpoint=/                                   status=200 latency=    0.43ms
2026-06-08T18:57:10 UTC | INFO     | REQUEST  | method=GET    endpoint=/                                   status=200 latency=    1.84ms
2026-06-08T18:57:40 UTC | INFO     | REQUEST  | method=GET    endpoint=/                                   status=200 latency=    1.34ms
2026-06-08T18:58:11 UTC | INFO     | REQUEST  | method=GET    endpoint=/                                   status=200 latency=    0.77ms
2026-06-08T18:58:41 UTC | INFO     | REQUEST  | method=GET    endpoint=/                                   status=200 latency=    0.38ms
2026-06-08T18:59:11 UTC | INFO     | REQUEST  | method=GET    endpoint=/                                   status=200 latency=    0.43ms
2026-06-08T18:59:42 UTC | INFO     | REQUEST  | method=GET    endpoint=/                                   status=200 latency=    0.30ms
2026-06-08T19:00:12 UTC | INFO     | REQUEST  | method=GET    endpoint=/                                   status=200 latency=    0.30ms
2026-06-08T19:00:43 UTC | INFO     | REQUEST  | method=GET    endpoint=/                                   status=200 latency=    0.28ms
2026-06-08T19:01:13 UTC | INFO     | REQUEST  | method=GET    endpoint=/                                   status=200 latency=    0.53ms
2026-06-08T19:01:44 UTC | INFO     | REQUEST  | method=GET    endpoint=/                                   status=200 latency=    0.30ms
2026-06-08T19:02:14 UTC | INFO     | REQUEST  | method=GET    endpoint=/                                   status=200 latency=    5.63ms
2026-06-08T19:02:45 UTC | INFO     | REQUEST  | method=GET    endpoint=/                                   status=200 latency=    0.39ms
2026-06-08T19:03:15 UTC | INFO     | REQUEST  | method=GET    endpoint=/                                   status=200 latency=    3.76ms
2026-06-08T19:03:45 UTC | INFO     | REQUEST  | method=GET    endpoint=/                                   status=200 latency=    0.28ms
2026-06-08T19:04:16 UTC | INFO     | REQUEST  | method=GET    endpoint=/                                   status=200 latency=    0.33ms
2026-06-08T19:04:47 UTC | INFO     | REQUEST  | method=GET    endpoint=/                                   status=200 latency=    1.98ms
2026-06-08T19:05:17 UTC | INFO     | REQUEST  | method=GET    endpoint=/                                   status=200 latency=    0.33ms
2026-06-08T19:05:47 UTC | INFO     | REQUEST  | method=GET    endpoint=/                                   status=200 latency=   54.94ms
2026-06-08T19:06:18 UTC | INFO     | REQUEST  | method=GET    endpoint=/                                   status=200 latency=    2.38ms
2026-06-08T19:06:48 UTC | INFO     | REQUEST  | method=GET    endpoint=/                                   status=200 latency=    0.40ms
2026-06-08T19:07:19 UTC | INFO     | REQUEST  | method=GET    endpoint=/                                   status=200 latency=    0.62ms
2026-06-08T19:07:50 UTC | INFO     | REQUEST  | method=GET    endpoint=/                                   status=200 latency=    0.59ms
2026-06-08T19:08:20 UTC | INFO     | REQUEST  | method=GET    endpoint=/                                   status=200 latency=    0.64ms
2026-06-08T19:08:51 UTC | INFO     | REQUEST  | method=GET    endpoint=/                                   status=200 latency=    0.65ms
2026-06-08T19:09:21 UTC | INFO     | REQUEST  | method=GET    endpoint=/                                   status=200 latency=    0.33ms
2026-06-08T19:09:52 UTC | INFO     | REQUEST  | method=GET    endpoint=/                                   status=200 latency=    0.37ms
2026-06-08T19:10:22 UTC | INFO     | REQUEST  | method=GET    endpoint=/                                   status=200 latency=    1.21ms
2026-06-08T19:10:53 UTC | INFO     | REQUEST  | method=GET    endpoint=/                                   status=200 latency=    0.39ms
2026-06-08T19:11:23 UTC | INFO     | REQUEST  | method=GET    endpoint=/                                   status=200 latency=    2.02ms
2026-06-08T19:11:54 UTC | INFO     | REQUEST  | method=GET    endpoint=/                                   status=200 latency=    2.53ms
2026-06-08T19:12:25 UTC | INFO     | REQUEST  | method=GET    endpoint=/                                   status=200 latency=    0.33ms
2026-06-08T19:12:56 UTC | INFO     | REQUEST  | method=GET    endpoint=/                                   status=200 latency=    0.51ms
2026-06-08T19:13:26 UTC | INFO     | REQUEST  | method=GET    endpoint=/                                   status=200 latency=    8.18ms
2026-06-08T19:13:57 UTC | INFO     | REQUEST  | method=GET    endpoint=/                                   status=200 latency=    0.57ms
2026-06-08T19:14:27 UTC | INFO     | REQUEST  | method=GET    endpoint=/                                   status=200 latency=    2.91ms
2026-06-08T19:14:58 UTC | INFO     | REQUEST  | method=GET    endpoint=/                                   status=200 latency=    0.28ms
2026-06-08T19:15:28 UTC | INFO     | REQUEST  | method=GET    endpoint=/                                   status=200 latency=    0.63ms
2026-06-08T19:15:59 UTC | INFO     | REQUEST  | method=GET    endpoint=/                                   status=200 latency=    1.03ms
2026-06-08T19:16:29 UTC | INFO     | REQUEST  | method=GET    endpoint=/                                   status=200 latency=    0.48ms
2026-06-08T19:17:00 UTC | INFO     | REQUEST  | method=GET    endpoint=/                                   status=200 latency=    0.40ms
2026-06-08T19:17:30 UTC | INFO     | REQUEST  | method=GET    endpoint=/                                   status=200 latency=    0.31ms
2026-06-08T19:18:01 UTC | INFO     | REQUEST  | method=GET    endpoint=/                                   status=200 latency=    0.85ms
2026-06-08T19:18:32 UTC | INFO     | REQUEST  | method=GET    endpoint=/                                   status=200 latency=    0.36ms
2026-06-08T19:19:02 UTC | INFO     | REQUEST  | method=GET    endpoint=/                                   status=200 latency=    0.34ms
2026-06-08T19:19:33 UTC | INFO     | REQUEST  | method=GET    endpoint=/                                   status=200 latency=    0.31ms
2026-06-08T19:20:03 UTC | INFO     | REQUEST  | method=GET    endpoint=/                                   status=200 latency=    0.37ms
2026-06-08T19:20:34 UTC | INFO     | REQUEST  | method=GET    endpoint=/                                   status=200 latency=    0.30ms
2026-06-08T19:21:04 UTC | INFO     | REQUEST  | method=GET    endpoint=/                                   status=200 latency=    0.27ms
2026-06-08T19:21:34 UTC | INFO     | REQUEST  | method=GET    endpoint=/                                   status=200 latency=    0.86ms
2026-06-08T19:22:05 UTC | INFO     | REQUEST  | method=GET    endpoint=/                                   status=200 latency=    0.30ms
2026-06-08T19:22:35 UTC | INFO     | REQUEST  | method=GET    endpoint=/                                   status=200 latency=    0.62ms
2026-06-08T19:23:06 UTC | INFO     | REQUEST  | method=GET    endpoint=/                                   status=200 latency=    0.80ms
2026-06-08T19:23:36 UTC | INFO     | REQUEST  | method=GET    endpoint=/                                   status=200 latency=    2.16ms
2026-06-08T19:24:07 UTC | INFO     | REQUEST  | method=GET    endpoint=/                                   status=200 latency=    0.29ms
2026-06-08T19:24:37 UTC | INFO     | REQUEST  | method=GET    endpoint=/                                   status=200 latency=    0.78ms
2026-06-08T19:25:08 UTC | INFO     | REQUEST  | method=GET    endpoint=/                                   status=200 latency=    0.78ms
2026-06-08T19:25:39 UTC | INFO     | REQUEST  | method=GET    endpoint=/                                   status=200 latency=    2.00ms
2026-06-08T19:26:10 UTC | INFO     | REQUEST  | method=GET    endpoint=/                                   status=200 latency=    1.47ms
2026-06-08T19:26:40 UTC | INFO     | REQUEST  | method=GET    endpoint=/                                   status=200 latency=    0.28ms
2026-06-08T19:27:10 UTC | INFO     | REQUEST  | method=GET    endpoint=/                                   status=200 latency=    1.73ms
2026-06-08T19:27:41 UTC | INFO     | REQUEST  | method=GET    endpoint=/                                   status=200 latency=    0.33ms
2026-06-08T19:28:12 UTC | INFO     | REQUEST  | method=GET    endpoint=/                                   status=200 latency=    0.29ms
2026-06-08T19:28:42 UTC | INFO     | REQUEST  | method=GET    endpoint=/                                   status=200 latency=    0.44ms
2026-06-08T19:29:13 UTC | INFO     | REQUEST  | method=GET    endpoint=/                                   status=200 latency=    0.48ms
2026-06-08T19:29:43 UTC | INFO     | REQUEST  | method=GET    endpoint=/                                   status=200 latency=    4.75ms
2026-06-08T19:30:14 UTC | INFO     | REQUEST  | method=GET    endpoint=/                                   status=200 latency=    0.34ms
2026-06-08T19:30:44 UTC | INFO     | REQUEST  | method=GET    endpoint=/                                   status=200 latency=    0.49ms
2026-06-08T19:31:15 UTC | INFO     | REQUEST  | method=GET    endpoint=/                                   status=200 latency=    0.33ms
2026-06-08T19:31:45 UTC | INFO     | REQUEST  | method=GET    endpoint=/                                   status=200 latency=    0.61ms
2026-06-08T19:32:16 UTC | INFO     | REQUEST  | method=GET    endpoint=/                                   status=200 latency=    0.31ms
2026-06-08T19:32:46 UTC | INFO     | REQUEST  | method=GET    endpoint=/                                   status=200 latency=    0.28ms
2026-06-08T19:33:17 UTC | INFO     | REQUEST  | method=GET    endpoint=/                                   status=200 latency=    0.61ms
2026-06-08T19:33:48 UTC | INFO     | REQUEST  | method=GET    endpoint=/                                   status=200 latency=    0.71ms
2026-06-08T19:34:18 UTC | INFO     | REQUEST  | method=GET    endpoint=/                                   status=200 latency=    0.28ms
2026-06-08T19:34:24 UTC | INFO     | AUTH     | user=cliente_001          network_delay=0.1192s
2026-06-08T19:34:24 UTC | INFO     | AUTH_OK  | user=cliente_001          account=MX-4821-0001 type=PREMIUM
2026-06-08T19:34:24 UTC | INFO     | REQUEST  | method=POST   endpoint=/api/v1/auth/login                  status=200 latency=  142.27ms
2026-06-08T19:34:28 UTC | INFO     | AUTH     | user=cliente_001          network_delay=1.0312s
2026-06-08T19:34:28 UTC | INFO     | AUTH_OK  | user=cliente_001          account=MX-4821-0001 type=PREMIUM
2026-06-08T19:34:28 UTC | INFO     | REQUEST  | method=POST   endpoint=/api/v1/auth/login                  status=200 latency= 1035.41ms
2026-06-08T19:34:31 UTC | INFO     | AUTH     | user=cliente_001          network_delay=1.0480s
2026-06-08T19:34:31 UTC | INFO     | AUTH_OK  | user=cliente_001          account=MX-4821-0001 type=PREMIUM
2026-06-08T19:34:31 UTC | INFO     | REQUEST  | method=POST   endpoint=/api/v1/auth/login                  status=200 latency= 1056.24ms
2026-06-08T19:34:33 UTC | INFO     | AUTH     | user=cliente_001          network_delay=0.7041s
2026-06-08T19:34:33 UTC | INFO     | AUTH_OK  | user=cliente_001          account=MX-4821-0001 type=PREMIUM
2026-06-08T19:34:33 UTC | INFO     | REQUEST  | method=POST   endpoint=/api/v1/auth/login                  status=200 latency=  711.82ms
2026-06-08T19:34:37 UTC | INFO     | AUTH     | user=cliente_001          network_delay=1.2066s
2026-06-08T19:34:37 UTC | INFO     | AUTH_OK  | user=cliente_001          account=MX-4821-0001 type=PREMIUM
2026-06-08T19:34:37 UTC | INFO     | REQUEST  | method=POST   endpoint=/api/v1/auth/login                  status=200 latency= 1218.18ms
2026-06-08T19:34:40 UTC | INFO     | AUTH     | user=cliente_001          network_delay=1.3630s
2026-06-08T19:34:40 UTC | INFO     | AUTH_OK  | user=cliente_001          account=MX-4821-0001 type=PREMIUM
2026-06-08T19:34:40 UTC | INFO     | REQUEST  | method=POST   endpoint=/api/v1/auth/login                  status=200 latency= 1370.49ms
2026-06-08T19:34:45 UTC | INFO     | AUTH     | user=cliente_001          network_delay=0.3145s
2026-06-08T19:34:45 UTC | INFO     | AUTH_OK  | user=cliente_001          account=MX-4821-0001 type=PREMIUM
2026-06-08T19:34:45 UTC | INFO     | REQUEST  | method=POST   endpoint=/api/v1/auth/login                  status=200 latency= 2360.28ms
2026-06-08T19:34:48 UTC | INFO     | AUTH     | user=cliente_001          network_delay=0.9824s
2026-06-08T19:34:48 UTC | INFO     | AUTH_OK  | user=cliente_001          account=MX-4821-0001 type=PREMIUM
2026-06-08T19:34:48 UTC | INFO     | REQUEST  | method=POST   endpoint=/api/v1/auth/login                  status=200 latency=  988.89ms
2026-06-08T19:34:49 UTC | INFO     | REQUEST  | method=GET    endpoint=/                                   status=200 latency=    0.75ms
2026-06-08T19:34:50 UTC | INFO     | AUTH     | user=cliente_001          network_delay=0.2801s
2026-06-08T19:34:50 UTC | INFO     | AUTH_OK  | user=cliente_001          account=MX-4821-0001 type=PREMIUM
2026-06-08T19:34:50 UTC | INFO     | REQUEST  | method=POST   endpoint=/api/v1/auth/login                  status=200 latency=  290.92ms
2026-06-08T19:34:53 UTC | INFO     | AUTH     | user=cliente_001          network_delay=1.1272s
2026-06-08T19:34:53 UTC | INFO     | AUTH_OK  | user=cliente_001          account=MX-4821-0001 type=PREMIUM
2026-06-08T19:34:53 UTC | INFO     | REQUEST  | method=POST   endpoint=/api/v1/auth/login                  status=200 latency= 1130.44ms
2026-06-08T19:35:19 UTC | INFO     | REQUEST  | method=GET    endpoint=/                                   status=200 latency=    0.40ms
2026-06-08T19:35:50 UTC | INFO     | REQUEST  | method=GET    endpoint=/                                   status=200 latency=    0.31ms
2026-06-08T19:36:20 UTC | INFO     | REQUEST  | method=GET    endpoint=/                                   status=200 latency=    0.30ms
2026-06-08T19:36:51 UTC | INFO     | REQUEST  | method=GET    endpoint=/                                   status=200 latency=    0.47ms
2026-06-08T19:37:02 UTC | INFO     | AUTH     | user=cliente_001          network_delay=1.4508s
2026-06-08T19:37:02 UTC | INFO     | AUTH_OK  | user=cliente_001          account=MX-4821-0001 type=PREMIUM
2026-06-08T19:37:02 UTC | INFO     | REQUEST  | method=POST   endpoint=/api/v1/auth/login                  status=200 latency= 1456.56ms
2026-06-08T19:37:03 UTC | INFO     | AUTH     | user=cliente_001          network_delay=1.4409s
2026-06-08T19:37:03 UTC | INFO     | AUTH_OK  | user=cliente_001          account=MX-4821-0001 type=PREMIUM
2026-06-08T19:37:03 UTC | INFO     | REQUEST  | method=POST   endpoint=/api/v1/auth/login                  status=200 latency= 1449.30ms
2026-06-08T19:37:05 UTC | INFO     | AUTH     | user=cliente_001          network_delay=1.3375s
2026-06-08T19:37:05 UTC | INFO     | AUTH_OK  | user=cliente_001          account=MX-4821-0001 type=PREMIUM
2026-06-08T19:37:05 UTC | INFO     | REQUEST  | method=POST   endpoint=/api/v1/auth/login                  status=200 latency= 1341.26ms
2026-06-08T19:37:06 UTC | INFO     | AUTH     | user=cliente_001          network_delay=1.0812s
2026-06-08T19:37:06 UTC | INFO     | AUTH_OK  | user=cliente_001          account=MX-4821-0001 type=PREMIUM
2026-06-08T19:37:06 UTC | INFO     | REQUEST  | method=POST   endpoint=/api/v1/auth/login                  status=200 latency= 1087.85ms
2026-06-08T19:37:07 UTC | INFO     | AUTH     | user=cliente_001          network_delay=1.3044s
2026-06-08T19:37:07 UTC | INFO     | AUTH_OK  | user=cliente_001          account=MX-4821-0001 type=PREMIUM
2026-06-08T19:37:07 UTC | INFO     | REQUEST  | method=POST   endpoint=/api/v1/auth/login                  status=200 latency= 1310.69ms
2026-06-08T19:37:08 UTC | INFO     | AUTH     | user=cliente_001          network_delay=1.1117s
2026-06-08T19:37:08 UTC | INFO     | AUTH_OK  | user=cliente_001          account=MX-4821-0001 type=PREMIUM
2026-06-08T19:37:08 UTC | INFO     | REQUEST  | method=POST   endpoint=/api/v1/auth/login                  status=200 latency= 1129.27ms
2026-06-08T19:37:09 UTC | INFO     | AUTH     | user=cliente_001          network_delay=1.2037s
2026-06-08T19:37:09 UTC | INFO     | AUTH_OK  | user=cliente_001          account=MX-4821-0001 type=PREMIUM
2026-06-08T19:37:09 UTC | INFO     | REQUEST  | method=POST   endpoint=/api/v1/auth/login                  status=200 latency= 1214.02ms
2026-06-08T19:37:11 UTC | INFO     | AUTH     | user=cliente_001          network_delay=1.2245s
2026-06-08T19:37:11 UTC | INFO     | AUTH_OK  | user=cliente_001          account=MX-4821-0001 type=PREMIUM
2026-06-08T19:37:11 UTC | INFO     | REQUEST  | method=POST   endpoint=/api/v1/auth/login                  status=200 latency= 1242.95ms
2026-06-08T19:37:11 UTC | INFO     | AUTH     | user=cliente_001          network_delay=0.5350s
2026-06-08T19:37:11 UTC | INFO     | AUTH_OK  | user=cliente_001          account=MX-4821-0001 type=PREMIUM
2026-06-08T19:37:11 UTC | INFO     | REQUEST  | method=POST   endpoint=/api/v1/auth/login                  status=200 latency=  540.30ms
2026-06-08T19:37:12 UTC | INFO     | AUTH     | user=cliente_001          network_delay=0.6981s
2026-06-08T19:37:12 UTC | INFO     | AUTH_OK  | user=cliente_001          account=MX-4821-0001 type=PREMIUM
2026-06-08T19:37:12 UTC | INFO     | REQUEST  | method=POST   endpoint=/api/v1/auth/login                  status=200 latency=  707.30ms
2026-06-08T19:37:12 UTC | INFO     | AUTH     | user=cliente_001          network_delay=0.1329s
2026-06-08T19:37:12 UTC | INFO     | AUTH_OK  | user=cliente_001          account=MX-4821-0001 type=PREMIUM
2026-06-08T19:37:12 UTC | INFO     | REQUEST  | method=POST   endpoint=/api/v1/auth/login                  status=200 latency=  144.20ms
2026-06-08T19:37:13 UTC | INFO     | AUTH     | user=cliente_001          network_delay=0.4105s
2026-06-08T19:37:13 UTC | INFO     | AUTH_OK  | user=cliente_001          account=MX-4821-0001 type=PREMIUM
2026-06-08T19:37:13 UTC | INFO     | REQUEST  | method=POST   endpoint=/api/v1/auth/login                  status=200 latency=  419.83ms
2026-06-08T19:37:14 UTC | INFO     | AUTH     | user=cliente_001          network_delay=1.0238s
2026-06-08T19:37:14 UTC | INFO     | AUTH_OK  | user=cliente_001          account=MX-4821-0001 type=PREMIUM
2026-06-08T19:37:14 UTC | INFO     | REQUEST  | method=POST   endpoint=/api/v1/auth/login                  status=200 latency= 1029.48ms
2026-06-08T19:37:14 UTC | INFO     | AUTH     | user=cliente_001          network_delay=0.1209s
2026-06-08T19:37:14 UTC | INFO     | AUTH_OK  | user=cliente_001          account=MX-4821-0001 type=PREMIUM
2026-06-08T19:37:14 UTC | INFO     | REQUEST  | method=POST   endpoint=/api/v1/auth/login                  status=200 latency=  129.56ms
2026-06-08T19:37:15 UTC | INFO     | AUTH     | user=cliente_001          network_delay=1.3809s
2026-06-08T19:37:15 UTC | INFO     | AUTH_OK  | user=cliente_001          account=MX-4821-0001 type=PREMIUM
2026-06-08T19:37:15 UTC | INFO     | REQUEST  | method=POST   endpoint=/api/v1/auth/login                  status=200 latency= 1386.23ms
2026-06-08T19:37:17 UTC | INFO     | AUTH     | user=cliente_001          network_delay=1.3242s
2026-06-08T19:37:17 UTC | INFO     | AUTH_OK  | user=cliente_001          account=MX-4821-0001 type=PREMIUM
2026-06-08T19:37:17 UTC | INFO     | REQUEST  | method=POST   endpoint=/api/v1/auth/login                  status=200 latency= 1335.30ms
2026-06-08T19:37:17 UTC | INFO     | AUTH     | user=cliente_001          network_delay=0.3502s
2026-06-08T19:37:17 UTC | INFO     | AUTH_OK  | user=cliente_001          account=MX-4821-0001 type=PREMIUM
2026-06-08T19:37:17 UTC | INFO     | REQUEST  | method=POST   endpoint=/api/v1/auth/login                  status=200 latency=  372.47ms
2026-06-08T19:37:17 UTC | INFO     | AUTH     | user=cliente_001          network_delay=0.3962s
2026-06-08T19:37:17 UTC | INFO     | AUTH_OK  | user=cliente_001          account=MX-4821-0001 type=PREMIUM
2026-06-08T19:37:17 UTC | INFO     | REQUEST  | method=POST   endpoint=/api/v1/auth/login                  status=200 latency=  402.62ms
2026-06-08T19:37:18 UTC | INFO     | AUTH     | user=cliente_001          network_delay=0.6264s
2026-06-08T19:37:18 UTC | INFO     | AUTH_OK  | user=cliente_001          account=MX-4821-0001 type=PREMIUM
2026-06-08T19:37:18 UTC | INFO     | REQUEST  | method=POST   endpoint=/api/v1/auth/login                  status=200 latency=  645.75ms
2026-06-08T19:37:19 UTC | INFO     | AUTH     | user=cliente_001          network_delay=0.6295s
2026-06-08T19:37:19 UTC | INFO     | AUTH_OK  | user=cliente_001          account=MX-4821-0001 type=PREMIUM
2026-06-08T19:37:19 UTC | INFO     | REQUEST  | method=POST   endpoint=/api/v1/auth/login                  status=200 latency=  638.45ms
2026-06-08T19:37:20 UTC | INFO     | AUTH     | user=cliente_001          network_delay=1.3588s
2026-06-08T19:37:20 UTC | INFO     | AUTH_OK  | user=cliente_001          account=MX-4821-0001 type=PREMIUM
2026-06-08T19:37:20 UTC | INFO     | REQUEST  | method=POST   endpoint=/api/v1/auth/login                  status=200 latency= 1369.95ms
2026-06-08T19:37:21 UTC | INFO     | AUTH     | user=cliente_001          network_delay=0.5612s
2026-06-08T19:37:21 UTC | INFO     | AUTH_OK  | user=cliente_001          account=MX-4821-0001 type=PREMIUM
2026-06-08T19:37:21 UTC | INFO     | REQUEST  | method=POST   endpoint=/api/v1/auth/login                  status=200 latency=  577.57ms
2026-06-08T19:37:22 UTC | INFO     | REQUEST  | method=GET    endpoint=/                                   status=200 latency=    0.79ms
2026-06-08T19:37:22 UTC | INFO     | AUTH     | user=cliente_001          network_delay=1.4291s
2026-06-08T19:37:22 UTC | INFO     | AUTH_OK  | user=cliente_001          account=MX-4821-0001 type=PREMIUM
2026-06-08T19:37:22 UTC | INFO     | REQUEST  | method=POST   endpoint=/api/v1/auth/login                  status=200 latency= 1435.22ms
2026-06-08T19:37:23 UTC | INFO     | AUTH     | user=cliente_001          network_delay=1.1019s
2026-06-08T19:37:23 UTC | INFO     | AUTH_OK  | user=cliente_001          account=MX-4821-0001 type=PREMIUM
2026-06-08T19:37:23 UTC | INFO     | REQUEST  | method=POST   endpoint=/api/v1/auth/login                  status=200 latency= 1106.01ms
2026-06-08T19:37:24 UTC | INFO     | AUTH     | user=cliente_001          network_delay=0.5625s
2026-06-08T19:37:24 UTC | INFO     | AUTH_OK  | user=cliente_001          account=MX-4821-0001 type=PREMIUM
2026-06-08T19:37:24 UTC | INFO     | REQUEST  | method=POST   endpoint=/api/v1/auth/login                  status=200 latency=  573.14ms
2026-06-08T19:37:25 UTC | INFO     | AUTH     | user=cliente_001          network_delay=0.8156s
2026-06-08T19:37:25 UTC | INFO     | AUTH_OK  | user=cliente_001          account=MX-4821-0001 type=PREMIUM
2026-06-08T19:37:25 UTC | INFO     | REQUEST  | method=POST   endpoint=/api/v1/auth/login                  status=200 latency=  831.26ms
2026-06-08T19:37:26 UTC | INFO     | AUTH     | user=cliente_001          network_delay=1.2630s
2026-06-08T19:37:26 UTC | INFO     | AUTH_OK  | user=cliente_001          account=MX-4821-0001 type=PREMIUM
2026-06-08T19:37:26 UTC | INFO     | REQUEST  | method=POST   endpoint=/api/v1/auth/login                  status=200 latency= 1271.11ms
2026-06-08T19:37:27 UTC | INFO     | AUTH     | user=cliente_001          network_delay=1.2886s
2026-06-08T19:37:27 UTC | INFO     | AUTH_OK  | user=cliente_001          account=MX-4821-0001 type=PREMIUM
2026-06-08T19:37:27 UTC | INFO     | REQUEST  | method=POST   endpoint=/api/v1/auth/login                  status=200 latency= 1295.17ms
2026-06-08T19:37:29 UTC | INFO     | AUTH     | user=cliente_001          network_delay=1.0220s
2026-06-08T19:37:29 UTC | INFO     | AUTH_OK  | user=cliente_001          account=MX-4821-0001 type=PREMIUM
2026-06-08T19:37:29 UTC | INFO     | REQUEST  | method=POST   endpoint=/api/v1/auth/login                  status=200 latency= 1026.35ms
2026-06-08T19:37:30 UTC | INFO     | AUTH     | user=cliente_001          network_delay=1.0246s
2026-06-08T19:37:30 UTC | INFO     | AUTH_OK  | user=cliente_001          account=MX-4821-0001 type=PREMIUM
2026-06-08T19:37:30 UTC | INFO     | REQUEST  | method=POST   endpoint=/api/v1/auth/login                  status=200 latency= 1039.34ms
2026-06-08T19:37:52 UTC | INFO     | REQUEST  | method=GET    endpoint=/                                   status=200 latency=    0.60ms
2026-06-08T19:38:23 UTC | INFO     | REQUEST  | method=GET    endpoint=/                                   status=200 latency=    0.30ms
2026-06-08T19:38:53 UTC | INFO     | REQUEST  | method=GET    endpoint=/                                   status=200 latency=    0.39ms
2026-06-08T19:39:24 UTC | INFO     | REQUEST  | method=GET    endpoint=/                                   status=200 latency=    0.31ms
2026-06-08T19:39:54 UTC | INFO     | REQUEST  | method=GET    endpoint=/                                   status=200 latency=    0.83ms
2026-06-08T19:40:24 UTC | INFO     | REQUEST  | method=GET    endpoint=/                                   status=200 latency=    0.31ms
2026-06-08T19:40:55 UTC | INFO     | REQUEST  | method=GET    endpoint=/                                   status=200 latency=    0.31ms
2026-06-08T19:41:26 UTC | INFO     | REQUEST  | method=GET    endpoint=/                                   status=200 latency=    0.79ms
2026-06-08T19:41:56 UTC | INFO     | REQUEST  | method=GET    endpoint=/                                   status=200 latency=    2.86ms
2026-06-08T19:42:27 UTC | INFO     | REQUEST  | method=GET    endpoint=/                                   status=200 latency=    0.52ms
2026-06-08T19:42:58 UTC | INFO     | REQUEST  | method=GET    endpoint=/                                   status=200 latency=    2.76ms
2026-06-08T19:43:28 UTC | INFO     | REQUEST  | method=GET    endpoint=/                                   status=200 latency=    0.37ms
2026-06-08T19:43:59 UTC | INFO     | REQUEST  | method=GET    endpoint=/                                   status=200 latency=    0.45ms
2026-06-08T19:44:29 UTC | INFO     | REQUEST  | method=GET    endpoint=/                                   status=200 latency=    0.29ms
2026-06-08T19:45:00 UTC | INFO     | REQUEST  | method=GET    endpoint=/                                   status=200 latency=    7.05ms
2026-06-08T19:45:31 UTC | INFO     | REQUEST  | method=GET    endpoint=/                                   status=200 latency=    0.60ms
2026-06-08T19:46:01 UTC | INFO     | REQUEST  | method=GET    endpoint=/                                   status=200 latency=    0.33ms
2026-06-08T19:46:32 UTC | INFO     | REQUEST  | method=GET    endpoint=/                                   status=200 latency=    3.44ms
2026-06-08T19:47:03 UTC | INFO     | REQUEST  | method=GET    endpoint=/                                   status=200 latency=    0.38ms
2026-06-08T19:47:33 UTC | INFO     | REQUEST  | method=GET    endpoint=/                                   status=200 latency=    0.40ms
2026-06-08T19:48:04 UTC | INFO     | REQUEST  | method=GET    endpoint=/                                   status=200 latency=    0.29ms
2026-06-08T19:48:34 UTC | INFO     | REQUEST  | method=GET    endpoint=/                                   status=200 latency=    0.65ms
2026-06-08T19:49:05 UTC | INFO     | REQUEST  | method=GET    endpoint=/                                   status=200 latency=    0.38ms
2026-06-08T19:49:35 UTC | INFO     | REQUEST  | method=GET    endpoint=/                                   status=200 latency=    0.47ms
2026-06-08T19:50:06 UTC | INFO     | REQUEST  | method=GET    endpoint=/                                   status=200 latency=    1.39ms
2026-06-08T19:50:36 UTC | INFO     | REQUEST  | method=GET    endpoint=/                                   status=200 latency=    0.44ms
2026-06-08T19:51:07 UTC | INFO     | REQUEST  | method=GET    endpoint=/                                   status=200 latency=    0.37ms
2026-06-08T19:51:37 UTC | INFO     | REQUEST  | method=GET    endpoint=/                                   status=200 latency=    0.30ms
2026-06-08T19:52:08 UTC | INFO     | REQUEST  | method=GET    endpoint=/                                   status=200 latency=    1.33ms
2026-06-08T19:52:38 UTC | INFO     | REQUEST  | method=GET    endpoint=/                                   status=200 latency=    0.32ms
2026-06-08T19:53:08 UTC | INFO     | REQUEST  | method=GET    endpoint=/                                   status=200 latency=    0.33ms
2026-06-08T19:53:39 UTC | INFO     | REQUEST  | method=GET    endpoint=/                                   status=200 latency=    0.54ms
2026-06-08T19:54:09 UTC | INFO     | REQUEST  | method=GET    endpoint=/                                   status=200 latency=    1.10ms
2026-06-08T19:54:40 UTC | INFO     | REQUEST  | method=GET    endpoint=/                                   status=200 latency=    0.61ms
2026-06-08T19:55:10 UTC | INFO     | REQUEST  | method=GET    endpoint=/                                   status=200 latency=    0.29ms
2026-06-08T19:55:41 UTC | INFO     | REQUEST  | method=GET    endpoint=/                                   status=200 latency=    0.66ms
2026-06-08T19:56:11 UTC | INFO     | REQUEST  | method=GET    endpoint=/                                   status=200 latency=    0.37ms
2026-06-08T19:56:42 UTC | INFO     | REQUEST  | method=GET    endpoint=/                                   status=200 latency=    0.36ms
2026-06-08T19:57:12 UTC | INFO     | REQUEST  | method=GET    endpoint=/                                   status=200 latency=    0.29ms
2026-06-08T19:57:43 UTC | INFO     | REQUEST  | method=GET    endpoint=/                                   status=200 latency=    0.81ms
2026-06-08T19:58:17 UTC | INFO     | REQUEST  | method=GET    endpoint=/                                   status=200 latency=    1.53ms
2026-06-08T19:58:49 UTC | INFO     | REQUEST  | method=GET    endpoint=/                                   status=200 latency=    1.49ms
2026-06-08T19:59:21 UTC | INFO     | REQUEST  | method=GET    endpoint=/                                   status=200 latency=    3.86ms
2026-06-08T19:59:51 UTC | INFO     | REQUEST  | method=GET    endpoint=/                                   status=200 latency=    0.28ms
2026-06-08T20:00:22 UTC | INFO     | REQUEST  | method=GET    endpoint=/                                   status=200 latency=    0.54ms
2026-06-08T20:00:52 UTC | INFO     | REQUEST  | method=GET    endpoint=/                                   status=200 latency=    0.32ms
2026-06-08T20:01:23 UTC | INFO     | REQUEST  | method=GET    endpoint=/                                   status=200 latency=    0.38ms
2026-06-08T20:01:54 UTC | INFO     | REQUEST  | method=GET    endpoint=/                                   status=200 latency=    0.39ms
2026-06-08T20:02:24 UTC | INFO     | REQUEST  | method=GET    endpoint=/                                   status=200 latency=    0.51ms
2026-06-08T20:02:55 UTC | INFO     | REQUEST  | method=GET    endpoint=/                                   status=200 latency=    0.34ms
2026-06-08T20:03:25 UTC | INFO     | REQUEST  | method=GET    endpoint=/                                   status=200 latency=    0.76ms
2026-06-08T20:03:56 UTC | INFO     | REQUEST  | method=GET    endpoint=/                                   status=200 latency=    0.39ms
2026-06-08T20:04:26 UTC | INFO     | REQUEST  | method=GET    endpoint=/                                   status=200 latency=    1.06ms
2026-06-08T20:04:57 UTC | INFO     | REQUEST  | method=GET    endpoint=/                                   status=200 latency=    0.59ms
2026-06-08T20:05:28 UTC | INFO     | REQUEST  | method=GET    endpoint=/                                   status=200 latency=    0.36ms
2026-06-08T20:05:58 UTC | INFO     | REQUEST  | method=GET    endpoint=/                                   status=200 latency=    0.35ms
2026-06-08T20:06:28 UTC | INFO     | REQUEST  | method=GET    endpoint=/                                   status=200 latency=    0.29ms
2026-06-08T20:06:59 UTC | INFO     | REQUEST  | method=GET    endpoint=/                                   status=200 latency=    6.16ms
2026-06-08T20:07:30 UTC | INFO     | REQUEST  | method=GET    endpoint=/                                   status=200 latency=    0.32ms
2026-06-08T20:08:00 UTC | INFO     | REQUEST  | method=GET    endpoint=/                                   status=200 latency=    0.64ms
2026-06-08T20:08:31 UTC | INFO     | REQUEST  | method=GET    endpoint=/                                   status=200 latency=    1.96ms
2026-06-08T20:09:01 UTC | INFO     | REQUEST  | method=GET    endpoint=/                                   status=200 latency=    1.38ms
2026-06-08T20:09:32 UTC | INFO     | REQUEST  | method=GET    endpoint=/                                   status=200 latency=    2.65ms
2026-06-08T20:10:03 UTC | INFO     | REQUEST  | method=GET    endpoint=/                                   status=200 latency=    0.48ms
2026-06-08T20:10:34 UTC | INFO     | REQUEST  | method=GET    endpoint=/                                   status=200 latency=    0.38ms
2026-06-08T20:11:04 UTC | INFO     | REQUEST  | method=GET    endpoint=/                                   status=200 latency=    0.60ms
2026-06-08T20:11:35 UTC | INFO     | REQUEST  | method=GET    endpoint=/                                   status=200 latency=    0.44ms
2026-06-08T20:12:05 UTC | INFO     | REQUEST  | method=GET    endpoint=/                                   status=200 latency=    0.37ms
2026-06-08T20:12:36 UTC | INFO     | REQUEST  | method=GET    endpoint=/                                   status=200 latency=    0.30ms
2026-06-08T20:13:07 UTC | INFO     | REQUEST  | method=GET    endpoint=/                                   status=200 latency=    0.42ms
2026-06-08T20:13:37 UTC | INFO     | REQUEST  | method=GET    endpoint=/                                   status=200 latency=   10.90ms
2026-06-08T20:14:08 UTC | INFO     | REQUEST  | method=GET    endpoint=/                                   status=200 latency=    0.48ms
2026-06-08T20:14:39 UTC | INFO     | REQUEST  | method=GET    endpoint=/                                   status=200 latency=    0.88ms
2026-06-08T20:15:09 UTC | INFO     | REQUEST  | method=GET    endpoint=/                                   status=200 latency=    0.88ms
2026-06-08T20:15:40 UTC | INFO     | REQUEST  | method=GET    endpoint=/                                   status=200 latency=    0.38ms
2026-06-08T20:16:10 UTC | INFO     | REQUEST  | method=GET    endpoint=/                                   status=200 latency=    0.31ms
2026-06-08T20:16:41 UTC | INFO     | REQUEST  | method=GET    endpoint=/                                   status=200 latency=    0.54ms
2026-06-08T20:17:11 UTC | INFO     | REQUEST  | method=GET    endpoint=/                                   status=200 latency=    0.30ms
2026-06-08T20:17:42 UTC | INFO     | REQUEST  | method=GET    endpoint=/                                   status=200 latency=    0.30ms
2026-06-08T20:18:12 UTC | INFO     | REQUEST  | method=GET    endpoint=/                                   status=200 latency=    0.41ms
2026-06-08T20:18:43 UTC | INFO     | REQUEST  | method=GET    endpoint=/                                   status=200 latency=    0.33ms
2026-06-08T20:19:13 UTC | INFO     | REQUEST  | method=GET    endpoint=/                                   status=200 latency=    0.54ms
2026-06-08T20:19:44 UTC | INFO     | REQUEST  | method=GET    endpoint=/                                   status=200 latency=    0.36ms
2026-06-08T20:20:14 UTC | INFO     | REQUEST  | method=GET    endpoint=/                                   status=200 latency=    0.33ms
2026-06-08T20:20:45 UTC | INFO     | REQUEST  | method=GET    endpoint=/                                   status=200 latency=    0.30ms
2026-06-08T20:21:16 UTC | INFO     | REQUEST  | method=GET    endpoint=/                                   status=200 latency=    0.48ms
2026-06-08T20:21:47 UTC | INFO     | REQUEST  | method=GET    endpoint=/                                   status=200 latency=    0.33ms
2026-06-08T20:22:17 UTC | INFO     | REQUEST  | method=GET    endpoint=/                                   status=200 latency=    0.59ms
2026-06-08T20:22:48 UTC | INFO     | REQUEST  | method=GET    endpoint=/                                   status=200 latency=    0.57ms
2026-06-08T20:23:19 UTC | INFO     | REQUEST  | method=GET    endpoint=/                                   status=200 latency=    0.34ms
2026-06-08T20:23:49 UTC | INFO     | REQUEST  | method=GET    endpoint=/                                   status=200 latency=   58.49ms
2026-06-08T20:24:20 UTC | INFO     | REQUEST  | method=GET    endpoint=/                                   status=200 latency=    0.95ms
2026-06-08T20:24:51 UTC | INFO     | REQUEST  | method=GET    endpoint=/                                   status=200 latency=    3.38ms
2026-06-08T20:25:22 UTC | INFO     | REQUEST  | method=GET    endpoint=/                                   status=200 latency=    0.34ms
2026-06-08T20:25:53 UTC | INFO     | REQUEST  | method=GET    endpoint=/                                   status=200 latency=    0.51ms
2026-06-08T20:26:23 UTC | INFO     | REQUEST  | method=GET    endpoint=/                                   status=200 latency=    1.19ms
2026-06-08T20:26:55 UTC | INFO     | REQUEST  | method=GET    endpoint=/                                   status=200 latency=    1.72ms
2026-06-08T20:27:25 UTC | INFO     | REQUEST  | method=GET    endpoint=/                                   status=200 latency=    3.81ms
2026-06-08T20:27:56 UTC | INFO     | REQUEST  | method=GET    endpoint=/                                   status=200 latency=    0.61ms
2026-06-08T20:28:27 UTC | INFO     | REQUEST  | method=GET    endpoint=/                                   status=200 latency=    3.19ms
2026-06-08T20:28:57 UTC | INFO     | REQUEST  | method=GET    endpoint=/                                   status=200 latency=    3.99ms
2026-06-08T20:29:28 UTC | INFO     | REQUEST  | method=GET    endpoint=/                                   status=200 latency=    2.49ms
2026-06-08T20:29:59 UTC | INFO     | REQUEST  | method=GET    endpoint=/                                   status=200 latency=    0.31ms
2026-06-08T20:30:29 UTC | INFO     | REQUEST  | method=GET    endpoint=/                                   status=200 latency=    0.79ms
2026-06-08T20:31:00 UTC | INFO     | REQUEST  | method=GET    endpoint=/                                   status=200 latency=    0.75ms
2026-06-08T20:31:31 UTC | INFO     | REQUEST  | method=GET    endpoint=/                                   status=200 latency=    9.47ms
2026-06-08T20:32:02 UTC | INFO     | REQUEST  | method=GET    endpoint=/                                   status=200 latency=    2.62ms
2026-06-08T20:32:32 UTC | INFO     | REQUEST  | method=GET    endpoint=/                                   status=200 latency=    0.98ms
2026-06-08T20:33:03 UTC | INFO     | REQUEST  | method=GET    endpoint=/                                   status=200 latency=    2.56ms
2026-06-08T20:33:33 UTC | INFO     | REQUEST  | method=GET    endpoint=/                                   status=200 latency=    1.31ms
2026-06-08T20:34:04 UTC | INFO     | REQUEST  | method=GET    endpoint=/                                   status=200 latency=    0.44ms
2026-06-08T20:34:35 UTC | INFO     | REQUEST  | method=GET    endpoint=/                                   status=200 latency=    1.20ms
2026-06-08T20:35:06 UTC | INFO     | REQUEST  | method=GET    endpoint=/                                   status=200 latency=   12.82ms
2026-06-08T20:35:36 UTC | INFO     | REQUEST  | method=GET    endpoint=/                                   status=200 latency=    0.85ms
2026-06-08T20:36:07 UTC | INFO     | REQUEST  | method=GET    endpoint=/                                   status=200 latency=    0.80ms
2026-06-08T20:36:38 UTC | INFO     | REQUEST  | method=GET    endpoint=/                                   status=200 latency=    0.87ms
2026-06-08T20:37:08 UTC | INFO     | REQUEST  | method=GET    endpoint=/                                   status=200 latency=    0.69ms
2026-06-08T20:37:39 UTC | INFO     | REQUEST  | method=GET    endpoint=/                                   status=200 latency=    3.14ms
2026-06-08T20:38:10 UTC | INFO     | REQUEST  | method=GET    endpoint=/                                   status=200 latency=    0.43ms
2026-06-08T20:38:40 UTC | INFO     | REQUEST  | method=GET    endpoint=/                                   status=200 latency=    0.43ms
2026-06-08T20:39:11 UTC | INFO     | REQUEST  | method=GET    endpoint=/                                   status=200 latency=    0.43ms
2026-06-08T20:39:36 UTC | INFO     | AUTH     | user=cliente_001          network_delay=1.4817s
2026-06-08T20:39:36 UTC | INFO     | AUTH_OK  | user=cliente_001          account=MX-4821-0001 type=PREMIUM
2026-06-08T20:39:36 UTC | INFO     | REQUEST  | method=POST   endpoint=/api/v1/auth/login                  status=200 latency= 1508.59ms
2026-06-08T20:39:39 UTC | INFO     | AUTH     | user=cliente_001          network_delay=1.2749s
2026-06-08T20:39:39 UTC | INFO     | AUTH_OK  | user=cliente_001          account=MX-4821-0001 type=PREMIUM
2026-06-08T20:39:39 UTC | INFO     | REQUEST  | method=POST   endpoint=/api/v1/auth/login                  status=200 latency= 1292.99ms
2026-06-08T20:39:42 UTC | INFO     | REQUEST  | method=GET    endpoint=/                                   status=200 latency=    3.10ms
2026-06-08T20:39:43 UTC | INFO     | AUTH     | user=cliente_001          network_delay=1.0188s
2026-06-08T20:39:43 UTC | INFO     | AUTH_OK  | user=cliente_001          account=MX-4821-0001 type=PREMIUM
2026-06-08T20:39:43 UTC | INFO     | REQUEST  | method=POST   endpoint=/api/v1/auth/login                  status=200 latency= 1041.53ms
2026-06-08T20:39:46 UTC | INFO     | AUTH     | user=cliente_001          network_delay=1.1042s
2026-06-08T20:39:46 UTC | INFO     | AUTH_OK  | user=cliente_001          account=MX-4821-0001 type=PREMIUM
2026-06-08T20:39:46 UTC | INFO     | REQUEST  | method=POST   endpoint=/api/v1/auth/login                  status=200 latency= 1124.82ms
2026-06-08T20:39:48 UTC | INFO     | AUTH     | user=cliente_001          network_delay=0.1803s
2026-06-08T20:39:48 UTC | INFO     | AUTH_OK  | user=cliente_001          account=MX-4821-0001 type=PREMIUM
2026-06-08T20:39:48 UTC | INFO     | REQUEST  | method=POST   endpoint=/api/v1/auth/login                  status=200 latency=  194.53ms
2026-06-08T20:39:52 UTC | INFO     | AUTH     | user=cliente_001          network_delay=1.3033s
2026-06-08T20:39:52 UTC | INFO     | AUTH_OK  | user=cliente_001          account=MX-4821-0001 type=PREMIUM
2026-06-08T20:39:52 UTC | INFO     | REQUEST  | method=POST   endpoint=/api/v1/auth/login                  status=200 latency= 1320.80ms
2026-06-08T20:39:55 UTC | INFO     | AUTH     | user=cliente_001          network_delay=1.2724s
2026-06-08T20:39:55 UTC | INFO     | AUTH_OK  | user=cliente_001          account=MX-4821-0001 type=PREMIUM
2026-06-08T20:39:55 UTC | INFO     | REQUEST  | method=POST   endpoint=/api/v1/auth/login                  status=200 latency= 1277.32ms
2026-06-08T20:39:58 UTC | INFO     | AUTH     | user=cliente_001          network_delay=0.4450s
2026-06-08T20:39:58 UTC | INFO     | AUTH_OK  | user=cliente_001          account=MX-4821-0001 type=PREMIUM
2026-06-08T20:39:58 UTC | INFO     | REQUEST  | method=POST   endpoint=/api/v1/auth/login                  status=200 latency=  457.90ms
2026-06-08T20:40:01 UTC | INFO     | AUTH     | user=cliente_001          network_delay=1.3415s
2026-06-08T20:40:01 UTC | INFO     | AUTH_OK  | user=cliente_001          account=MX-4821-0001 type=PREMIUM
2026-06-08T20:40:01 UTC | INFO     | REQUEST  | method=POST   endpoint=/api/v1/auth/login                  status=200 latency= 1360.23ms
2026-06-08T20:40:04 UTC | INFO     | AUTH     | user=cliente_001          network_delay=0.5247s
2026-06-08T20:40:04 UTC | INFO     | AUTH_OK  | user=cliente_001          account=MX-4821-0001 type=PREMIUM
2026-06-08T20:40:04 UTC | INFO     | REQUEST  | method=POST   endpoint=/api/v1/auth/login                  status=200 latency=  533.23ms
2026-06-08T20:40:12 UTC | INFO     | REQUEST  | method=GET    endpoint=/                                   status=200 latency=    1.96ms
2026-06-08T20:40:43 UTC | INFO     | REQUEST  | method=GET    endpoint=/                                   status=200 latency=    1.01ms
2026-06-08T20:41:14 UTC | INFO     | REQUEST  | method=GET    endpoint=/                                   status=200 latency=    0.31ms
2026-06-08T20:41:44 UTC | INFO     | REQUEST  | method=GET    endpoint=/                                   status=200 latency=    0.73ms
2026-06-08T20:42:15 UTC | INFO     | REQUEST  | method=GET    endpoint=/                                   status=200 latency=    1.09ms
2026-06-08T20:42:46 UTC | INFO     | REQUEST  | method=GET    endpoint=/                                   status=200 latency=    7.41ms
2026-06-08T20:43:16 UTC | INFO     | REQUEST  | method=GET    endpoint=/                                   status=200 latency=    0.40ms
2026-06-08T20:43:47 UTC | INFO     | REQUEST  | method=GET    endpoint=/                                   status=200 latency=    2.75ms
2026-06-08T20:44:10 UTC | INFO     | AUTH     | user=cliente_001          network_delay=1.0941s
2026-06-08T20:44:10 UTC | INFO     | AUTH_OK  | user=cliente_001          account=MX-4821-0001 type=PREMIUM
2026-06-08T20:44:10 UTC | INFO     | REQUEST  | method=POST   endpoint=/api/v1/auth/login                  status=200 latency= 1096.73ms
2026-06-08T20:44:13 UTC | INFO     | AUTH     | user=cliente_001          network_delay=0.6975s
2026-06-08T20:44:13 UTC | INFO     | AUTH_OK  | user=cliente_001          account=MX-4821-0001 type=PREMIUM
2026-06-08T20:44:13 UTC | INFO     | REQUEST  | method=POST   endpoint=/api/v1/auth/login                  status=200 latency=  709.78ms
2026-06-08T20:44:16 UTC | INFO     | AUTH     | user=cliente_001          network_delay=0.4916s
2026-06-08T20:44:16 UTC | INFO     | AUTH_OK  | user=cliente_001          account=MX-4821-0001 type=PREMIUM
2026-06-08T20:44:16 UTC | INFO     | REQUEST  | method=POST   endpoint=/api/v1/auth/login                  status=200 latency=  503.29ms
2026-06-08T20:44:17 UTC | INFO     | REQUEST  | method=GET    endpoint=/                                   status=200 latency=    0.34ms
2026-06-08T20:44:19 UTC | INFO     | AUTH     | user=cliente_001          network_delay=1.3952s
2026-06-08T20:44:19 UTC | INFO     | AUTH_OK  | user=cliente_001          account=MX-4821-0001 type=PREMIUM
2026-06-08T20:44:19 UTC | INFO     | REQUEST  | method=POST   endpoint=/api/v1/auth/login                  status=200 latency= 1410.05ms
2026-06-08T20:44:22 UTC | INFO     | AUTH     | user=cliente_001          network_delay=1.1603s
2026-06-08T20:44:22 UTC | INFO     | AUTH_OK  | user=cliente_001          account=MX-4821-0001 type=PREMIUM
2026-06-08T20:44:22 UTC | INFO     | REQUEST  | method=POST   endpoint=/api/v1/auth/login                  status=200 latency= 1172.97ms
2026-06-08T20:44:25 UTC | INFO     | AUTH     | user=cliente_001          network_delay=0.6488s
2026-06-08T20:44:25 UTC | INFO     | AUTH_OK  | user=cliente_001          account=MX-4821-0001 type=PREMIUM
2026-06-08T20:44:25 UTC | INFO     | REQUEST  | method=POST   endpoint=/api/v1/auth/login                  status=200 latency=  659.67ms
2026-06-08T20:44:28 UTC | INFO     | AUTH     | user=cliente_001          network_delay=0.2841s
2026-06-08T20:44:28 UTC | INFO     | AUTH_OK  | user=cliente_001          account=MX-4821-0001 type=PREMIUM
2026-06-08T20:44:28 UTC | INFO     | REQUEST  | method=POST   endpoint=/api/v1/auth/login                  status=200 latency=  301.03ms
2026-06-08T20:44:30 UTC | INFO     | AUTH     | user=cliente_001          network_delay=0.5944s
2026-06-08T20:44:30 UTC | INFO     | AUTH_OK  | user=cliente_001          account=MX-4821-0001 type=PREMIUM
2026-06-08T20:44:30 UTC | INFO     | REQUEST  | method=POST   endpoint=/api/v1/auth/login                  status=200 latency=  603.61ms
2026-06-08T20:44:33 UTC | INFO     | AUTH     | user=cliente_001          network_delay=0.2280s
2026-06-08T20:44:33 UTC | INFO     | AUTH_OK  | user=cliente_001          account=MX-4821-0001 type=PREMIUM
2026-06-08T20:44:33 UTC | INFO     | REQUEST  | method=POST   endpoint=/api/v1/auth/login                  status=200 latency=  246.08ms
2026-06-08T20:44:35 UTC | INFO     | AUTH     | user=cliente_001          network_delay=0.2157s
2026-06-08T20:44:35 UTC | INFO     | AUTH_OK  | user=cliente_001          account=MX-4821-0001 type=PREMIUM
2026-06-08T20:44:35 UTC | INFO     | REQUEST  | method=POST   endpoint=/api/v1/auth/login                  status=200 latency=  228.29ms
2026-06-08T20:44:48 UTC | INFO     | REQUEST  | method=GET    endpoint=/                                   status=200 latency=    1.87ms
2026-06-08T20:45:19 UTC | INFO     | REQUEST  | method=GET    endpoint=/                                   status=200 latency=    1.56ms
2026-06-08T20:45:49 UTC | INFO     | REQUEST  | method=GET    endpoint=/                                   status=200 latency=    0.45ms
2026-06-08T20:46:20 UTC | INFO     | REQUEST  | method=GET    endpoint=/                                   status=200 latency=    0.71ms
2026-06-08T20:46:51 UTC | INFO     | REQUEST  | method=GET    endpoint=/                                   status=200 latency=    0.41ms
2026-06-08T20:47:21 UTC | INFO     | REQUEST  | method=GET    endpoint=/                                   status=200 latency=    2.63ms
2026-06-08T20:47:52 UTC | INFO     | REQUEST  | method=GET    endpoint=/                                   status=200 latency=    0.37ms
2026-06-08T20:48:02 UTC | INFO     | AUTH     | user=cliente_001          network_delay=0.6810s
2026-06-08T20:48:02 UTC | INFO     | AUTH_OK  | user=cliente_001          account=MX-4821-0001 type=PREMIUM
2026-06-08T20:48:02 UTC | INFO     | REQUEST  | method=POST   endpoint=/api/v1/auth/login                  status=200 latency=  694.89ms
2026-06-08T20:48:02 UTC | INFO     | AUTH     | user=cliente_001          network_delay=0.1989s
2026-06-08T20:48:02 UTC | INFO     | AUTH_OK  | user=cliente_001          account=MX-4821-0001 type=PREMIUM
2026-06-08T20:48:02 UTC | INFO     | REQUEST  | method=POST   endpoint=/api/v1/auth/login                  status=200 latency=  215.46ms
2026-06-08T20:48:02 UTC | INFO     | AUTH     | user=cliente_001          network_delay=0.5709s
2026-06-08T20:48:02 UTC | INFO     | AUTH_OK  | user=cliente_001          account=MX-4821-0001 type=PREMIUM
2026-06-08T20:48:02 UTC | INFO     | REQUEST  | method=POST   endpoint=/api/v1/auth/login                  status=200 latency=  577.33ms
2026-06-08T20:48:03 UTC | INFO     | AUTH     | user=cliente_001          network_delay=0.3004s
2026-06-08T20:48:03 UTC | INFO     | AUTH_OK  | user=cliente_001          account=MX-4821-0001 type=PREMIUM
2026-06-08T20:48:03 UTC | INFO     | REQUEST  | method=POST   endpoint=/api/v1/auth/login                  status=200 latency=  335.18ms
2026-06-08T20:48:04 UTC | INFO     | AUTH     | user=cliente_001          network_delay=0.7139s
2026-06-08T20:48:04 UTC | INFO     | AUTH_OK  | user=cliente_001          account=MX-4821-0001 type=PREMIUM
2026-06-08T20:48:04 UTC | INFO     | REQUEST  | method=POST   endpoint=/api/v1/auth/login                  status=200 latency=  734.42ms
2026-06-08T20:48:05 UTC | INFO     | AUTH     | user=cliente_001          network_delay=0.8969s
2026-06-08T20:48:05 UTC | INFO     | AUTH_OK  | user=cliente_001          account=MX-4821-0001 type=PREMIUM
2026-06-08T20:48:05 UTC | INFO     | REQUEST  | method=POST   endpoint=/api/v1/auth/login                  status=200 latency=  902.68ms
2026-06-08T20:48:05 UTC | INFO     | AUTH     | user=cliente_001          network_delay=0.6334s
2026-06-08T20:48:05 UTC | INFO     | AUTH_OK  | user=cliente_001          account=MX-4821-0001 type=PREMIUM
2026-06-08T20:48:05 UTC | INFO     | REQUEST  | method=POST   endpoint=/api/v1/auth/login                  status=200 latency=  642.31ms
2026-06-08T20:48:06 UTC | INFO     | AUTH     | user=cliente_001          network_delay=0.4922s
2026-06-08T20:48:06 UTC | INFO     | AUTH_OK  | user=cliente_001          account=MX-4821-0001 type=PREMIUM
2026-06-08T20:48:06 UTC | INFO     | REQUEST  | method=POST   endpoint=/api/v1/auth/login                  status=200 latency=  513.32ms
2026-06-08T20:48:07 UTC | INFO     | AUTH     | user=cliente_001          network_delay=1.2871s
2026-06-08T20:48:07 UTC | INFO     | AUTH_OK  | user=cliente_001          account=MX-4821-0001 type=PREMIUM
2026-06-08T20:48:07 UTC | INFO     | REQUEST  | method=POST   endpoint=/api/v1/auth/login                  status=200 latency= 1304.65ms
2026-06-08T20:48:08 UTC | INFO     | AUTH     | user=cliente_001          network_delay=0.9564s
2026-06-08T20:48:08 UTC | INFO     | AUTH_OK  | user=cliente_001          account=MX-4821-0001 type=PREMIUM
2026-06-08T20:48:08 UTC | INFO     | REQUEST  | method=POST   endpoint=/api/v1/auth/login                  status=200 latency=  974.72ms
2026-06-08T20:48:10 UTC | INFO     | AUTH     | user=cliente_001          network_delay=1.2724s
2026-06-08T20:48:10 UTC | INFO     | AUTH_OK  | user=cliente_001          account=MX-4821-0001 type=PREMIUM
2026-06-08T20:48:10 UTC | INFO     | REQUEST  | method=POST   endpoint=/api/v1/auth/login                  status=200 latency= 1281.49ms
2026-06-08T20:48:11 UTC | INFO     | AUTH     | user=cliente_001          network_delay=1.3442s
2026-06-08T20:48:11 UTC | INFO     | AUTH_OK  | user=cliente_001          account=MX-4821-0001 type=PREMIUM
2026-06-08T20:48:11 UTC | INFO     | REQUEST  | method=POST   endpoint=/api/v1/auth/login                  status=200 latency= 1350.36ms
2026-06-08T20:48:12 UTC | INFO     | AUTH     | user=cliente_001          network_delay=1.4352s
2026-06-08T20:48:12 UTC | INFO     | AUTH_OK  | user=cliente_001          account=MX-4821-0001 type=PREMIUM
2026-06-08T20:48:12 UTC | INFO     | REQUEST  | method=POST   endpoint=/api/v1/auth/login                  status=200 latency= 1443.04ms
2026-06-08T20:48:13 UTC | INFO     | AUTH     | user=cliente_001          network_delay=0.9742s
2026-06-08T20:48:13 UTC | INFO     | AUTH_OK  | user=cliente_001          account=MX-4821-0001 type=PREMIUM
2026-06-08T20:48:13 UTC | INFO     | REQUEST  | method=POST   endpoint=/api/v1/auth/login                  status=200 latency=  976.94ms
2026-06-08T20:48:14 UTC | INFO     | AUTH     | user=cliente_001          network_delay=0.2890s
2026-06-08T20:48:14 UTC | INFO     | AUTH_OK  | user=cliente_001          account=MX-4821-0001 type=PREMIUM
2026-06-08T20:48:14 UTC | INFO     | REQUEST  | method=POST   endpoint=/api/v1/auth/login                  status=200 latency=  315.46ms
2026-06-08T20:48:14 UTC | INFO     | AUTH     | user=cliente_001          network_delay=0.4266s
2026-06-08T20:48:14 UTC | INFO     | AUTH_OK  | user=cliente_001          account=MX-4821-0001 type=PREMIUM
2026-06-08T20:48:14 UTC | INFO     | REQUEST  | method=POST   endpoint=/api/v1/auth/login                  status=200 latency=  436.35ms
2026-06-08T20:48:16 UTC | INFO     | AUTH     | user=cliente_001          network_delay=1.2994s
2026-06-08T20:48:16 UTC | INFO     | AUTH_OK  | user=cliente_001          account=MX-4821-0001 type=PREMIUM
2026-06-08T20:48:16 UTC | INFO     | REQUEST  | method=POST   endpoint=/api/v1/auth/login                  status=200 latency= 1328.07ms
2026-06-08T20:48:16 UTC | INFO     | AUTH     | user=cliente_001          network_delay=0.3304s
2026-06-08T20:48:16 UTC | INFO     | AUTH_OK  | user=cliente_001          account=MX-4821-0001 type=PREMIUM
2026-06-08T20:48:16 UTC | INFO     | REQUEST  | method=POST   endpoint=/api/v1/auth/login                  status=200 latency=  345.52ms
2026-06-08T20:48:16 UTC | INFO     | AUTH     | user=cliente_001          network_delay=0.4916s
2026-06-08T20:48:17 UTC | INFO     | AUTH_OK  | user=cliente_001          account=MX-4821-0001 type=PREMIUM
2026-06-08T20:48:17 UTC | INFO     | REQUEST  | method=POST   endpoint=/api/v1/auth/login                  status=200 latency=  497.99ms
2026-06-08T20:48:18 UTC | INFO     | AUTH     | user=cliente_001          network_delay=0.9927s
2026-06-08T20:48:18 UTC | INFO     | AUTH_OK  | user=cliente_001          account=MX-4821-0001 type=PREMIUM
2026-06-08T20:48:18 UTC | INFO     | REQUEST  | method=POST   endpoint=/api/v1/auth/login                  status=200 latency= 1008.13ms
2026-06-08T20:48:18 UTC | INFO     | AUTH     | user=cliente_001          network_delay=0.5713s
2026-06-08T20:48:18 UTC | INFO     | AUTH_OK  | user=cliente_001          account=MX-4821-0001 type=PREMIUM
2026-06-08T20:48:18 UTC | INFO     | REQUEST  | method=POST   endpoint=/api/v1/auth/login                  status=200 latency=  577.35ms
2026-06-08T20:48:18 UTC | INFO     | AUTH     | user=cliente_001          network_delay=0.1099s
2026-06-08T20:48:18 UTC | INFO     | AUTH_OK  | user=cliente_001          account=MX-4821-0001 type=PREMIUM
2026-06-08T20:48:18 UTC | INFO     | REQUEST  | method=POST   endpoint=/api/v1/auth/login                  status=200 latency=  117.74ms
2026-06-08T20:48:18 UTC | INFO     | AUTH     | user=cliente_001          network_delay=0.1327s
2026-06-08T20:48:18 UTC | INFO     | AUTH_OK  | user=cliente_001          account=MX-4821-0001 type=PREMIUM
2026-06-08T20:48:18 UTC | INFO     | REQUEST  | method=POST   endpoint=/api/v1/auth/login                  status=200 latency=  138.83ms
2026-06-08T20:48:19 UTC | INFO     | AUTH     | user=cliente_001          network_delay=0.2006s
2026-06-08T20:48:19 UTC | INFO     | AUTH_OK  | user=cliente_001          account=MX-4821-0001 type=PREMIUM
2026-06-08T20:48:19 UTC | INFO     | REQUEST  | method=POST   endpoint=/api/v1/auth/login                  status=200 latency=  224.06ms
2026-06-08T20:48:20 UTC | INFO     | AUTH     | user=cliente_001          network_delay=1.2931s
2026-06-08T20:48:20 UTC | INFO     | AUTH_OK  | user=cliente_001          account=MX-4821-0001 type=PREMIUM
2026-06-08T20:48:20 UTC | INFO     | REQUEST  | method=POST   endpoint=/api/v1/auth/login                  status=200 latency= 1318.21ms
2026-06-08T20:48:21 UTC | INFO     | AUTH     | user=cliente_001          network_delay=0.7683s
2026-06-08T20:48:21 UTC | INFO     | AUTH_OK  | user=cliente_001          account=MX-4821-0001 type=PREMIUM
2026-06-08T20:48:21 UTC | INFO     | REQUEST  | method=POST   endpoint=/api/v1/auth/login                  status=200 latency=  774.33ms
2026-06-08T20:48:21 UTC | INFO     | AUTH     | user=cliente_001          network_delay=0.1317s
2026-06-08T20:48:21 UTC | INFO     | AUTH_OK  | user=cliente_001          account=MX-4821-0001 type=PREMIUM
2026-06-08T20:48:21 UTC | INFO     | REQUEST  | method=POST   endpoint=/api/v1/auth/login                  status=200 latency=  141.65ms
2026-06-08T20:48:23 UTC | INFO     | REQUEST  | method=GET    endpoint=/                                   status=200 latency=    0.36ms
2026-06-08T20:48:23 UTC | INFO     | AUTH     | user=cliente_001          network_delay=1.4965s
2026-06-08T20:48:23 UTC | INFO     | AUTH_OK  | user=cliente_001          account=MX-4821-0001 type=PREMIUM
2026-06-08T20:48:23 UTC | INFO     | REQUEST  | method=POST   endpoint=/api/v1/auth/login                  status=200 latency= 1503.45ms
2026-06-08T20:48:24 UTC | INFO     | AUTH     | user=cliente_001          network_delay=1.0455s
2026-06-08T20:48:24 UTC | INFO     | AUTH_OK  | user=cliente_001          account=MX-4821-0001 type=PREMIUM
2026-06-08T20:48:24 UTC | INFO     | REQUEST  | method=POST   endpoint=/api/v1/auth/login                  status=200 latency= 1058.97ms
2026-06-08T20:48:25 UTC | INFO     | AUTH     | user=cliente_001          network_delay=0.9286s
2026-06-08T20:48:25 UTC | INFO     | AUTH_OK  | user=cliente_001          account=MX-4821-0001 type=PREMIUM
2026-06-08T20:48:25 UTC | INFO     | REQUEST  | method=POST   endpoint=/api/v1/auth/login                  status=200 latency=  934.01ms
2026-06-08T20:48:53 UTC | INFO     | REQUEST  | method=GET    endpoint=/                                   status=200 latency=    4.45ms
2026-06-08T20:49:24 UTC | INFO     | REQUEST  | method=GET    endpoint=/                                   status=200 latency=    1.37ms
2026-06-08T20:49:55 UTC | INFO     | REQUEST  | method=GET    endpoint=/                                   status=200 latency=    0.33ms
2026-06-08T20:50:26 UTC | INFO     | REQUEST  | method=GET    endpoint=/                                   status=200 latency=    0.76ms
2026-06-08T20:50:56 UTC | INFO     | REQUEST  | method=GET    endpoint=/                                   status=200 latency=    5.00ms
2026-06-08T20:51:27 UTC | INFO     | REQUEST  | method=GET    endpoint=/                                   status=200 latency=    3.14ms
2026-06-08T20:51:58 UTC | INFO     | REQUEST  | method=GET    endpoint=/                                   status=200 latency=   21.46ms
2026-06-08T20:52:29 UTC | INFO     | REQUEST  | method=GET    endpoint=/                                   status=200 latency=    0.40ms
2026-06-08T20:52:39 UTC | INFO     | AUTH     | user=cliente_001          network_delay=0.6838s
2026-06-08T20:52:39 UTC | INFO     | AUTH_OK  | user=cliente_001          account=MX-4821-0001 type=PREMIUM
2026-06-08T20:52:39 UTC | INFO     | REQUEST  | method=POST   endpoint=/api/v1/auth/login                  status=200 latency=  693.85ms
2026-06-08T20:52:40 UTC | INFO     | AUTH     | user=cliente_001          network_delay=0.7493s
2026-06-08T20:52:40 UTC | INFO     | AUTH_OK  | user=cliente_001          account=MX-4821-0001 type=PREMIUM
2026-06-08T20:52:40 UTC | INFO     | REQUEST  | method=POST   endpoint=/api/v1/auth/login                  status=200 latency=  759.91ms
2026-06-08T20:52:41 UTC | INFO     | AUTH     | user=cliente_001          network_delay=1.2109s
2026-06-08T20:52:41 UTC | INFO     | AUTH_OK  | user=cliente_001          account=MX-4821-0001 type=PREMIUM
2026-06-08T20:52:41 UTC | INFO     | REQUEST  | method=POST   endpoint=/api/v1/auth/login                  status=200 latency= 1218.27ms
2026-06-08T20:52:41 UTC | INFO     | AUTH     | user=cliente_001          network_delay=0.2828s
2026-06-08T20:52:41 UTC | INFO     | AUTH_OK  | user=cliente_001          account=MX-4821-0001 type=PREMIUM
2026-06-08T20:52:41 UTC | INFO     | REQUEST  | method=POST   endpoint=/api/v1/auth/login                  status=200 latency=  289.37ms
2026-06-08T20:52:42 UTC | INFO     | AUTH     | user=cliente_001          network_delay=0.8038s
2026-06-08T20:52:42 UTC | INFO     | AUTH_OK  | user=cliente_001          account=MX-4821-0001 type=PREMIUM
2026-06-08T20:52:42 UTC | INFO     | REQUEST  | method=POST   endpoint=/api/v1/auth/login                  status=200 latency=  809.30ms
2026-06-08T20:52:43 UTC | INFO     | AUTH     | user=cliente_001          network_delay=0.4713s
2026-06-08T20:52:43 UTC | INFO     | AUTH_OK  | user=cliente_001          account=MX-4821-0001 type=PREMIUM
2026-06-08T20:52:43 UTC | INFO     | REQUEST  | method=POST   endpoint=/api/v1/auth/login                  status=200 latency=  489.37ms
2026-06-08T20:52:43 UTC | INFO     | AUTH     | user=cliente_001          network_delay=0.3758s
2026-06-08T20:52:43 UTC | INFO     | AUTH_OK  | user=cliente_001          account=MX-4821-0001 type=PREMIUM
2026-06-08T20:52:43 UTC | INFO     | REQUEST  | method=POST   endpoint=/api/v1/auth/login                  status=200 latency=  388.82ms
2026-06-08T20:52:45 UTC | INFO     | AUTH     | user=cliente_001          network_delay=1.4672s
2026-06-08T20:52:45 UTC | INFO     | AUTH_OK  | user=cliente_001          account=MX-4821-0001 type=PREMIUM
2026-06-08T20:52:45 UTC | INFO     | REQUEST  | method=POST   endpoint=/api/v1/auth/login                  status=200 latency= 1475.83ms
2026-06-08T20:52:46 UTC | INFO     | AUTH     | user=cliente_001          network_delay=1.2043s
2026-06-08T20:52:46 UTC | INFO     | AUTH_OK  | user=cliente_001          account=MX-4821-0001 type=PREMIUM
2026-06-08T20:52:46 UTC | INFO     | REQUEST  | method=POST   endpoint=/api/v1/auth/login                  status=200 latency= 1212.94ms
2026-06-08T20:52:47 UTC | INFO     | AUTH     | user=cliente_001          network_delay=1.3879s
2026-06-08T20:52:47 UTC | INFO     | AUTH_OK  | user=cliente_001          account=MX-4821-0001 type=PREMIUM
2026-06-08T20:52:47 UTC | INFO     | REQUEST  | method=POST   endpoint=/api/v1/auth/login                  status=200 latency= 1394.63ms
2026-06-08T20:52:48 UTC | INFO     | AUTH     | user=cliente_001          network_delay=0.7955s
2026-06-08T20:52:48 UTC | INFO     | AUTH_OK  | user=cliente_001          account=MX-4821-0001 type=PREMIUM
2026-06-08T20:52:48 UTC | INFO     | REQUEST  | method=POST   endpoint=/api/v1/auth/login                  status=200 latency=  801.54ms
2026-06-08T20:52:49 UTC | INFO     | AUTH     | user=cliente_001          network_delay=1.3751s
2026-06-08T20:52:50 UTC | INFO     | AUTH_OK  | user=cliente_001          account=MX-4821-0001 type=PREMIUM
2026-06-08T20:52:50 UTC | INFO     | REQUEST  | method=POST   endpoint=/api/v1/auth/login                  status=200 latency= 1394.28ms
2026-06-08T20:52:51 UTC | INFO     | AUTH     | user=cliente_001          network_delay=1.4074s
2026-06-08T20:52:51 UTC | INFO     | AUTH_OK  | user=cliente_001          account=MX-4821-0001 type=PREMIUM
2026-06-08T20:52:51 UTC | INFO     | REQUEST  | method=POST   endpoint=/api/v1/auth/login                  status=200 latency= 1433.39ms
2026-06-08T20:52:52 UTC | INFO     | AUTH     | user=cliente_001          network_delay=1.0719s
2026-06-08T20:52:52 UTC | INFO     | AUTH_OK  | user=cliente_001          account=MX-4821-0001 type=PREMIUM
2026-06-08T20:52:52 UTC | INFO     | REQUEST  | method=POST   endpoint=/api/v1/auth/login                  status=200 latency= 1087.42ms
2026-06-08T20:52:54 UTC | INFO     | AUTH     | user=cliente_001          network_delay=1.4259s
2026-06-08T20:52:54 UTC | INFO     | AUTH_OK  | user=cliente_001          account=MX-4821-0001 type=PREMIUM
2026-06-08T20:52:54 UTC | INFO     | REQUEST  | method=POST   endpoint=/api/v1/auth/login                  status=200 latency= 1427.92ms
2026-06-08T20:52:54 UTC | INFO     | AUTH     | user=cliente_001          network_delay=0.6787s
2026-06-08T20:52:54 UTC | INFO     | AUTH_OK  | user=cliente_001          account=MX-4821-0001 type=PREMIUM
2026-06-08T20:52:54 UTC | INFO     | REQUEST  | method=POST   endpoint=/api/v1/auth/login                  status=200 latency=  682.04ms
2026-06-08T20:52:55 UTC | INFO     | AUTH     | user=cliente_001          network_delay=0.4079s
2026-06-08T20:52:55 UTC | INFO     | AUTH_OK  | user=cliente_001          account=MX-4821-0001 type=PREMIUM
2026-06-08T20:52:55 UTC | INFO     | REQUEST  | method=POST   endpoint=/api/v1/auth/login                  status=200 latency=  412.49ms
2026-06-08T20:52:55 UTC | INFO     | AUTH     | user=cliente_001          network_delay=0.4538s
2026-06-08T20:52:55 UTC | INFO     | AUTH_OK  | user=cliente_001          account=MX-4821-0001 type=PREMIUM
2026-06-08T20:52:55 UTC | INFO     | REQUEST  | method=POST   endpoint=/api/v1/auth/login                  status=200 latency=  459.77ms
2026-06-08T20:52:56 UTC | INFO     | AUTH     | user=cliente_001          network_delay=0.7875s
2026-06-08T20:52:56 UTC | INFO     | AUTH_OK  | user=cliente_001          account=MX-4821-0001 type=PREMIUM
2026-06-08T20:52:56 UTC | INFO     | REQUEST  | method=POST   endpoint=/api/v1/auth/login                  status=200 latency=  792.70ms
2026-06-08T20:52:57 UTC | INFO     | AUTH     | user=cliente_001          network_delay=1.2959s
2026-06-08T20:52:57 UTC | INFO     | AUTH_OK  | user=cliente_001          account=MX-4821-0001 type=PREMIUM
2026-06-08T20:52:57 UTC | INFO     | REQUEST  | method=POST   endpoint=/api/v1/auth/login                  status=200 latency= 1332.64ms
2026-06-08T20:52:59 UTC | INFO     | AUTH     | user=cliente_001          network_delay=1.3502s
2026-06-08T20:52:59 UTC | INFO     | AUTH_OK  | user=cliente_001          account=MX-4821-0001 type=PREMIUM
2026-06-08T20:52:59 UTC | INFO     | REQUEST  | method=POST   endpoint=/api/v1/auth/login                  status=200 latency= 1420.21ms
2026-06-08T20:52:59 UTC | INFO     | REQUEST  | method=GET    endpoint=/                                   status=200 latency=   34.93ms
2026-06-08T20:53:00 UTC | INFO     | AUTH     | user=cliente_001          network_delay=1.1221s
2026-06-08T20:53:00 UTC | INFO     | AUTH_OK  | user=cliente_001          account=MX-4821-0001 type=PREMIUM
2026-06-08T20:53:00 UTC | INFO     | REQUEST  | method=POST   endpoint=/api/v1/auth/login                  status=200 latency= 1125.88ms
2026-06-08T20:53:01 UTC | INFO     | AUTH     | user=cliente_001          network_delay=0.4654s
2026-06-08T20:53:01 UTC | INFO     | AUTH_OK  | user=cliente_001          account=MX-4821-0001 type=PREMIUM
2026-06-08T20:53:01 UTC | INFO     | REQUEST  | method=POST   endpoint=/api/v1/auth/login                  status=200 latency=  469.90ms
2026-06-08T20:53:02 UTC | INFO     | AUTH     | user=cliente_001          network_delay=1.3835s
2026-06-08T20:53:02 UTC | INFO     | AUTH_OK  | user=cliente_001          account=MX-4821-0001 type=PREMIUM
2026-06-08T20:53:02 UTC | INFO     | REQUEST  | method=POST   endpoint=/api/v1/auth/login                  status=200 latency= 1391.85ms
2026-06-08T20:53:03 UTC | INFO     | AUTH     | user=cliente_001          network_delay=0.9300s
2026-06-08T20:53:03 UTC | INFO     | AUTH_OK  | user=cliente_001          account=MX-4821-0001 type=PREMIUM
2026-06-08T20:53:03 UTC | INFO     | REQUEST  | method=POST   endpoint=/api/v1/auth/login                  status=200 latency=  937.91ms
2026-06-08T20:53:04 UTC | INFO     | AUTH     | user=cliente_001          network_delay=0.7874s
2026-06-08T20:53:04 UTC | INFO     | AUTH_OK  | user=cliente_001          account=MX-4821-0001 type=PREMIUM
2026-06-08T20:53:04 UTC | INFO     | REQUEST  | method=POST   endpoint=/api/v1/auth/login                  status=200 latency=  800.14ms
2026-06-08T20:53:04 UTC | INFO     | AUTH     | user=cliente_001          network_delay=0.2575s
2026-06-08T20:53:04 UTC | INFO     | AUTH_OK  | user=cliente_001          account=MX-4821-0001 type=PREMIUM
2026-06-08T20:53:04 UTC | INFO     | REQUEST  | method=POST   endpoint=/api/v1/auth/login                  status=200 latency=  267.89ms
2026-06-08T20:53:06 UTC | INFO     | AUTH     | user=cliente_001          network_delay=1.4124s
2026-06-08T20:53:06 UTC | INFO     | AUTH_OK  | user=cliente_001          account=MX-4821-0001 type=PREMIUM
2026-06-08T20:53:06 UTC | INFO     | REQUEST  | method=POST   endpoint=/api/v1/auth/login                  status=200 latency= 1418.09ms
2026-06-08T20:53:06 UTC | INFO     | AUTH     | user=cliente_001          network_delay=0.1750s
2026-06-08T20:53:06 UTC | INFO     | AUTH_OK  | user=cliente_001          account=MX-4821-0001 type=PREMIUM
2026-06-08T20:53:06 UTC | INFO     | REQUEST  | method=POST   endpoint=/api/v1/auth/login                  status=200 latency=  193.75ms
2026-06-08T20:53:06 UTC | INFO     | AUTH     | user=cliente_001          network_delay=0.3757s
2026-06-08T20:53:07 UTC | INFO     | AUTH_OK  | user=cliente_001          account=MX-4821-0001 type=PREMIUM
2026-06-08T20:53:07 UTC | INFO     | REQUEST  | method=POST   endpoint=/api/v1/auth/login                  status=200 latency=  385.21ms
2026-06-08T20:53:30 UTC | INFO     | REQUEST  | method=GET    endpoint=/                                   status=200 latency=    0.83ms
2026-06-08T20:54:01 UTC | INFO     | REQUEST  | method=GET    endpoint=/                                   status=200 latency=    0.86ms
2026-06-08T20:54:32 UTC | INFO     | REQUEST  | method=GET    endpoint=/                                   status=200 latency=    3.54ms
2026-06-08T20:55:02 UTC | INFO     | REQUEST  | method=GET    endpoint=/                                   status=200 latency=    0.62ms
2026-06-08T20:55:33 UTC | INFO     | REQUEST  | method=GET    endpoint=/                                   status=200 latency=    0.42ms
2026-06-08T20:56:04 UTC | INFO     | REQUEST  | method=GET    endpoint=/                                   status=200 latency=    0.35ms
2026-06-08T20:56:35 UTC | INFO     | REQUEST  | method=GET    endpoint=/                                   status=200 latency=    0.71ms
2026-06-08T20:57:06 UTC | INFO     | REQUEST  | method=GET    endpoint=/                                   status=200 latency=    1.00ms
2026-06-08T20:57:36 UTC | INFO     | REQUEST  | method=GET    endpoint=/                                   status=200 latency=    0.37ms
2026-06-08T20:58:07 UTC | INFO     | REQUEST  | method=GET    endpoint=/                                   status=200 latency=    1.09ms
2026-06-08T20:58:38 UTC | INFO     | REQUEST  | method=GET    endpoint=/                                   status=200 latency=    3.59ms
2026-06-08T20:59:08 UTC | INFO     | REQUEST  | method=GET    endpoint=/                                   status=200 latency=    0.64ms
2026-06-08T20:59:39 UTC | INFO     | REQUEST  | method=GET    endpoint=/                                   status=200 latency=    0.48ms
2026-06-08T21:00:09 UTC | INFO     | REQUEST  | method=GET    endpoint=/                                   status=200 latency=    0.52ms
2026-06-08T21:00:40 UTC | INFO     | REQUEST  | method=GET    endpoint=/                                   status=200 latency=    1.44ms
2026-06-08T21:01:11 UTC | INFO     | REQUEST  | method=GET    endpoint=/                                   status=200 latency=    0.46ms
2026-06-08T21:01:41 UTC | INFO     | REQUEST  | method=GET    endpoint=/                                   status=200 latency=    0.46ms
2026-06-08T21:02:12 UTC | INFO     | REQUEST  | method=GET    endpoint=/                                   status=200 latency=    0.44ms
2026-06-08T21:02:43 UTC | INFO     | REQUEST  | method=GET    endpoint=/                                   status=200 latency=    0.32ms
2026-06-08T21:03:13 UTC | INFO     | REQUEST  | method=GET    endpoint=/                                   status=200 latency=    4.95ms
2026-06-08T21:03:44 UTC | INFO     | REQUEST  | method=GET    endpoint=/                                   status=200 latency=    1.19ms
2026-06-08T21:04:15 UTC | INFO     | REQUEST  | method=GET    endpoint=/                                   status=200 latency=    0.30ms
2026-06-08T21:04:46 UTC | INFO     | REQUEST  | method=GET    endpoint=/                                   status=200 latency=    0.69ms
2026-06-08T21:05:17 UTC | INFO     | REQUEST  | method=GET    endpoint=/                                   status=200 latency=    1.07ms
2026-06-08T21:05:49 UTC | INFO     | REQUEST  | method=GET    endpoint=/                                   status=200 latency=    2.75ms
2026-06-08T21:06:21 UTC | INFO     | REQUEST  | method=GET    endpoint=/                                   status=200 latency=    0.65ms
2026-06-08T21:06:52 UTC | INFO     | REQUEST  | method=GET    endpoint=/                                   status=200 latency=    1.18ms
2026-06-08T21:07:24 UTC | INFO     | REQUEST  | method=GET    endpoint=/                                   status=200 latency=    2.83ms
2026-06-08T21:07:56 UTC | INFO     | REQUEST  | method=GET    endpoint=/                                   status=200 latency=    0.42ms
2026-06-08T21:08:28 UTC | INFO     | REQUEST  | method=GET    endpoint=/                                   status=200 latency=    2.48ms
2026-06-08T21:09:00 UTC | INFO     | REQUEST  | method=GET    endpoint=/                                   status=200 latency=    0.37ms
2026-06-08T21:09:31 UTC | INFO     | REQUEST  | method=GET    endpoint=/                                   status=200 latency=    1.71ms
2026-06-08T21:10:04 UTC | INFO     | REQUEST  | method=GET    endpoint=/                                   status=200 latency=    2.28ms
2026-06-08T21:10:36 UTC | INFO     | REQUEST  | method=GET    endpoint=/                                   status=200 latency=    0.53ms
2026-06-08T21:11:07 UTC | INFO     | REQUEST  | method=GET    endpoint=/                                   status=200 latency=    0.45ms
2026-06-08T21:11:39 UTC | INFO     | REQUEST  | method=GET    endpoint=/                                   status=200 latency=    1.58ms
2026-06-08T21:12:10 UTC | INFO     | REQUEST  | method=GET    endpoint=/                                   status=200 latency=    1.70ms
2026-06-08T21:12:42 UTC | INFO     | REQUEST  | method=GET    endpoint=/                                   status=200 latency=    1.24ms
2026-06-08T21:13:14 UTC | INFO     | REQUEST  | method=GET    endpoint=/                                   status=200 latency=    0.50ms
                                                                                                                                         2026-07-03T04:53:24 UTC | INFO     | ======================================================================
2026-07-03T04:53:24 UTC | INFO     | STARTUP  | BGG Banking Simulator v1.0.0 iniciando...
2026-07-03T04:53:24 UTC | INFO     | STARTUP  | Log operativo: /app/logs/active/bgg_operativo.log
2026-07-03T04:53:24 UTC | INFO     | STARTUP  | Latencia simulada: 0.1s – 1.5s
2026-07-03T04:53:24 UTC | INFO     | ======================================================================
2026-07-03T04:53:25 UTC | INFO     | REQUEST  | method=GET    endpoint=/                                   status=200 latency=    0.72ms
2026-07-03T04:53:56 UTC | INFO     | REQUEST  | method=GET    endpoint=/                                   status=200 latency=    0.38ms
2026-07-03T04:54:27 UTC | INFO     | REQUEST  | method=GET    endpoint=/                                   status=200 latency=    0.42ms
2026-07-03T04:54:58 UTC | INFO     | REQUEST  | method=GET    endpoint=/                                   status=200 latency=    0.68ms
2026-07-03T04:55:28 UTC | INFO     | REQUEST  | method=GET    endpoint=/                                   status=200 latency=    0.67ms
2026-07-03T04:55:58 UTC | INFO     | REQUEST  | method=GET    endpoint=/                                   status=200 latency=    0.55ms
2026-07-03T04:56:29 UTC | INFO     | REQUEST  | method=GET    endpoint=/                                   status=200 latency=    1.13ms
2026-07-03T04:57:00 UTC | INFO     | REQUEST  | method=GET    endpoint=/                                   status=200 latency=    4.75ms
2026-07-03T04:57:10 UTC | INFO     | ======================================================================
2026-07-03T04:57:10 UTC | INFO     | SHUTDOWN | BGG Banking Simulator detenido correctamente.
2026-07-03T04:57:10 UTC | INFO     | ======================================================================
2026-07-03T04:58:14 UTC | INFO     | ======================================================================
2026-07-03T04:58:14 UTC | INFO     | STARTUP  | BGG Banking Simulator v1.1.0 iniciando...
2026-07-03T04:58:14 UTC | INFO     | STARTUP  | Log operativo: /app/logs/active/bgg_operativo.log
2026-07-03T04:58:14 UTC | INFO     | STARTUP  | Latencia simulada : 0.1s – 1.5s
2026-07-03T04:58:14 UTC | INFO     | STARTUP  | User speed (mock) : 2.0s – 15.0s [Escenario B]
2026-07-03T04:58:14 UTC | INFO     | ======================================================================
2026-07-03T04:58:17 UTC | INFO     | REQUEST  | method=GET    endpoint=/                                   status=200 latency=    0.74ms
2026-07-03T04:58:48 UTC | INFO     | REQUEST  | method=GET    endpoint=/                                   status=200 latency=    5.68ms
2026-07-03T04:59:09 UTC | INFO     | AUTH     | user=cliente_001          network_delay=0.2918s user_speed=8.04s
2026-07-03T04:59:09 UTC | INFO     | AUTH_OK  | user=cliente_001          account=MX-4821-0001 type=PREMIUM user_speed=8.04s
2026-07-03T04:59:09 UTC | INFO     | REQUEST  | method=POST   endpoint=/api/v1/auth/login                  status=200 latency=  327.61ms
2026-07-03T04:59:19 UTC | INFO     | REQUEST  | method=GET    endpoint=/                                   status=200 latency=    0.32ms
2026-07-03T04:59:49 UTC | INFO     | REQUEST  | method=GET    endpoint=/                                   status=200 latency=    0.34ms
2026-07-03T05:00:20 UTC | INFO     | REQUEST  | method=GET    endpoint=/                                   status=200 latency=    0.44ms
2026-07-03T05:00:51 UTC | INFO     | REQUEST  | method=GET    endpoint=/                                   status=200 latency=    0.34ms
2026-07-03T05:01:21 UTC | INFO     | REQUEST  | method=GET    endpoint=/                                   status=200 latency=    5.54ms
2026-07-03T05:01:52 UTC | INFO     | REQUEST  | method=GET    endpoint=/                                   status=200 latency=    0.85ms
2026-07-03T05:02:24 UTC | INFO     | REQUEST  | method=GET    endpoint=/                                   status=200 latency=    0.88ms
2026-07-03T05:02:54 UTC | INFO     | REQUEST  | method=GET    endpoint=/                                   status=200 latency=    0.30ms
2026-07-03T05:03:24 UTC | INFO     | REQUEST  | method=GET    endpoint=/                                   status=200 latency=    0.32ms
2026-07-03T05:03:56 UTC | INFO     | REQUEST  | method=GET    endpoint=/                                   status=200 latency=    0.72ms
2026-07-03T05:04:27 UTC | INFO     | REQUEST  | method=GET    endpoint=/                                   status=200 latency=    4.08ms
2026-07-03T05:04:57 UTC | INFO     | REQUEST  | method=GET    endpoint=/                                   status=200 latency=    0.35ms
2026-07-03T05:05:28 UTC | INFO     | REQUEST  | method=GET    endpoint=/                                   status=200 latency=    0.33ms
2026-07-03T05:05:58 UTC | INFO     | REQUEST  | method=GET    endpoint=/                                   status=200 latency=    0.30ms
2026-07-03T05:06:05 UTC | INFO     | AUTH     | user=cliente_001          network_delay=0.8303s user_speed=13.88s
2026-07-03T05:06:05 UTC | WARNING  | AUTH_FAIL| user=cliente_001          reason=invalid_credentials user_speed=13.88s
2026-07-03T05:06:05 UTC | INFO     | REQUEST  | method=POST   endpoint=/api/v1/auth/login                  status=401 latency= 1146.67ms
2026-07-03T05:06:29 UTC | INFO     | REQUEST  | method=GET    endpoint=/                                   status=200 latency=    2.34ms
2026-07-03T05:07:00 UTC | INFO     | REQUEST  | method=GET    endpoint=/                                   status=200 latency=    0.59ms
2026-07-03T05:07:31 UTC | INFO     | REQUEST  | method=GET    endpoint=/                                   status=200 latency=    0.37ms
                                                                                                                                         2026-07-28T20:24:12 UTC | INFO     | ======================================================================
2026-07-28T20:24:12 UTC | INFO     | STARTUP  | BGG Banking Simulator v1.1.0 iniciando...
2026-07-28T20:24:12 UTC | INFO     | STARTUP  | Log operativo: /app/logs/active/bgg_operativo.log
2026-07-28T20:24:12 UTC | INFO     | STARTUP  | Latencia simulada : 0.1s – 1.5s
2026-07-28T20:24:12 UTC | INFO     | STARTUP  | User speed (mock) : 2.0s – 15.0s [Escenario B]
2026-07-28T20:24:12 UTC | INFO     | ======================================================================
2026-07-28T20:24:16 UTC | INFO     | REQUEST  | method=GET    endpoint=/                                   status=200 latency=    1.90ms
2026-07-28T20:24:48 UTC | INFO     | REQUEST  | method=GET    endpoint=/                                   status=200 latency=    0.45ms
2026-07-28T20:25:18 UTC | INFO     | REQUEST  | method=GET    endpoint=/                                   status=200 latency=    1.11ms
2026-07-28T20:25:49 UTC | INFO     | REQUEST  | method=GET    endpoint=/                                   status=200 latency=    0.62ms
2026-07-28T20:26:20 UTC | INFO     | REQUEST  | method=GET    endpoint=/                                   status=200 latency=    5.29ms
2026-07-28T20:26:51 UTC | INFO     | REQUEST  | method=GET    endpoint=/                                   status=200 latency=    1.22ms
2026-07-28T20:27:22 UTC | INFO     | REQUEST  | method=GET    endpoint=/                                   status=200 latency=    0.54ms
2026-07-28T20:27:52 UTC | INFO     | REQUEST  | method=GET    endpoint=/                                   status=200 latency=    0.52ms
2026-07-28T20:28:23 UTC | INFO     | REQUEST  | method=GET    endpoint=/                                   status=200 latency=    0.38ms
2026-07-28T20:28:53 UTC | INFO     | REQUEST  | method=GET    endpoint=/                                   status=200 latency=    0.49ms
2026-07-28T20:29:24 UTC | INFO     | REQUEST  | method=GET    endpoint=/                                   status=200 latency=    0.88ms
2026-07-28T20:29:54 UTC | INFO     | REQUEST  | method=GET    endpoint=/                                   status=200 latency=    0.28ms
2026-07-28T20:30:25 UTC | INFO     | REQUEST  | method=GET    endpoint=/                                   status=200 latency=    0.60ms
2026-07-28T20:30:56 UTC | INFO     | REQUEST  | method=GET    endpoint=/                                   status=200 latency=    3.05ms
2026-07-28T20:31:26 UTC | INFO     | REQUEST  | method=GET    endpoint=/                                   status=200 latency=    0.35ms
2026-07-28T20:31:56 UTC | INFO     | REQUEST  | method=GET    endpoint=/                                   status=200 latency=    0.41ms
2026-07-28T20:32:27 UTC | INFO     | REQUEST  | method=GET    endpoint=/                                   status=200 latency=    0.33ms
2026-07-28T20:32:57 UTC | INFO     | REQUEST  | method=GET    endpoint=/                                   status=200 latency=    0.29ms
2026-07-28T20:33:28 UTC | INFO     | REQUEST  | method=GET    endpoint=/                                   status=200 latency=    0.56ms
2026-07-28T20:33:58 UTC | INFO     | REQUEST  | method=GET    endpoint=/                                   status=200 latency=    0.32ms
2026-07-28T20:34:29 UTC | INFO     | REQUEST  | method=GET    endpoint=/                                   status=200 latency=    0.28ms
2026-07-28T20:34:59 UTC | INFO     | REQUEST  | method=GET    endpoint=/                                   status=200 latency=    0.36ms
2026-07-28T20:35:30 UTC | INFO     | REQUEST  | method=GET    endpoint=/                                   status=200 latency=    0.60ms
2026-07-28T20:36:00 UTC | INFO     | REQUEST  | method=GET    endpoint=/                                   status=200 latency=    0.47ms
2026-07-28T20:36:31 UTC | INFO     | REQUEST  | method=GET    endpoint=/                                   status=200 latency=    0.33ms
2026-07-28T20:37:01 UTC | INFO     | REQUEST  | method=GET    endpoint=/                                   status=200 latency=    0.35ms
2026-07-28T20:37:32 UTC | INFO     | REQUEST  | method=GET    endpoint=/                                   status=200 latency=    0.29ms
2026-07-28T20:38:02 UTC | INFO     | REQUEST  | method=GET    endpoint=/                                   status=200 latency=    0.54ms
2026-07-28T20:38:33 UTC | INFO     | REQUEST  | method=GET    endpoint=/                                   status=200 latency=    0.41ms
2026-07-28T20:39:03 UTC | INFO     | REQUEST  | method=GET    endpoint=/                                   status=200 latency=    0.32ms
2026-07-28T20:39:34 UTC | INFO     | REQUEST  | method=GET    endpoint=/                                   status=200 latency=    0.37ms
2026-07-28T20:40:04 UTC | INFO     | REQUEST  | method=GET    endpoint=/                                   status=200 latency=    0.29ms
2026-07-28T20:40:34 UTC | INFO     | REQUEST  | method=GET    endpoint=/                                   status=200 latency=    0.28ms
2026-07-28T20:41:05 UTC | INFO     | REQUEST  | method=GET    endpoint=/                                   status=200 latency=    0.32ms
2026-07-28T20:41:35 UTC | INFO     | REQUEST  | method=GET    endpoint=/                                   status=200 latency=    0.28ms
2026-07-28T20:42:06 UTC | INFO     | REQUEST  | method=GET    endpoint=/                                   status=200 latency=    0.30ms
2026-07-28T20:42:36 UTC | INFO     | REQUEST  | method=GET    endpoint=/                                   status=200 latency=    0.37ms
2026-07-28T20:43:07 UTC | INFO     | REQUEST  | method=GET    endpoint=/                                   status=200 latency=    0.29ms
2026-07-28T20:43:37 UTC | INFO     | REQUEST  | method=GET    endpoint=/                                   status=200 latency=    0.35ms
2026-07-28T20:44:07 UTC | INFO     | REQUEST  | method=GET    endpoint=/                                   status=200 latency=    0.37ms
2026-07-28T20:44:38 UTC | INFO     | REQUEST  | method=GET    endpoint=/                                   status=200 latency=    0.41ms
2026-07-28T20:45:09 UTC | INFO     | REQUEST  | method=GET    endpoint=/                                   status=200 latency=    0.33ms
2026-07-28T20:45:39 UTC | INFO     | REQUEST  | method=GET    endpoint=/                                   status=200 latency=    0.41ms
2026-07-28T20:46:10 UTC | INFO     | REQUEST  | method=GET    endpoint=/                                   status=200 latency=    0.28ms
2026-07-28T20:46:29 UTC | INFO     | ======================================================================
2026-07-28T20:46:29 UTC | INFO     | SHUTDOWN | BGG Banking Simulator detenido correctamente.
2026-07-28T20:46:29 UTC | INFO     | ======================================================================
2026-07-28T20:47:33 UTC | INFO     | ======================================================================
2026-07-28T20:47:33 UTC | INFO     | STARTUP  | BGG Banking Simulator v1.1.0 iniciando...
2026-07-28T20:47:33 UTC | INFO     | STARTUP  | Log operativo: /app/logs/active/bgg_operativo.log
2026-07-28T20:47:33 UTC | INFO     | STARTUP  | Latencia simulada : 0.1s – 1.5s
2026-07-28T20:47:33 UTC | INFO     | STARTUP  | User speed (mock) : 2.0s – 15.0s [Escenario B]
2026-07-28T20:47:33 UTC | INFO     | ======================================================================
2026-07-28T20:47:35 UTC | INFO     | REQUEST  | method=GET    endpoint=/                                   status=200 latency=    2.44ms
2026-07-28T20:48:05 UTC | INFO     | REQUEST  | method=GET    endpoint=/                                   status=200 latency=    0.47ms
2026-07-28T20:48:36 UTC | INFO     | REQUEST  | method=GET    endpoint=/                                   status=200 latency=    0.54ms
2026-07-28T20:49:06 UTC | INFO     | REQUEST  | method=GET    endpoint=/                                   status=200 latency=    0.68ms
2026-07-28T20:49:36 UTC | INFO     | REQUEST  | method=GET    endpoint=/                                   status=200 latency=    0.34ms
2026-07-28T20:50:07 UTC | INFO     | REQUEST  | method=GET    endpoint=/                                   status=200 latency=    0.46ms
2026-07-28T20:50:37 UTC | INFO     | REQUEST  | method=GET    endpoint=/                                   status=200 latency=    0.61ms
2026-07-28T20:51:08 UTC | INFO     | REQUEST  | method=GET    endpoint=/                                   status=200 latency=    0.96ms
2026-07-28T20:51:38 UTC | INFO     | REQUEST  | method=GET    endpoint=/                                   status=200 latency=    0.51ms
2026-07-28T20:51:48 UTC | INFO     | ======================================================================
2026-07-28T20:51:48 UTC | INFO     | SHUTDOWN | BGG Banking Simulator detenido correctamente.
2026-07-28T20:51:48 UTC | INFO     | ======================================================================
2026-07-28T20:52:35 UTC | INFO     | ======================================================================
2026-07-28T20:52:35 UTC | INFO     | STARTUP  | BGG Banking Simulator v1.3.0 iniciando...
2026-07-28T20:52:35 UTC | INFO     | STARTUP  | Log operativo: /app/logs/active/bgg_operativo.log
2026-07-28T20:52:35 UTC | INFO     | STARTUP  | Latencia simulada : 0.1s – 1.5s
2026-07-28T20:52:35 UTC | INFO     | STARTUP  | User speed (mock) : 2.0s – 15.0s [Escenario B]
2026-07-28T20:52:35 UTC | INFO     | ======================================================================
2026-07-28T20:52:39 UTC | INFO     | REQUEST  | method=GET    endpoint=/                                   status=200 latency=    0.87ms
2026-07-28T20:53:09 UTC | INFO     | REQUEST  | method=GET    endpoint=/                                   status=200 latency=    2.01ms
2026-07-28T20:53:40 UTC | INFO     | REQUEST  | method=GET    endpoint=/                                   status=200 latency=    0.48ms
2026-07-28T20:53:42 UTC | INFO     | REQUEST  | method=GET    endpoint=/                                   status=200 latency=    0.88ms
2026-07-28T20:54:11 UTC | INFO     | REQUEST  | method=GET    endpoint=/                                   status=200 latency=    0.40ms
2026-07-28T20:54:41 UTC | INFO     | REQUEST  | method=GET    endpoint=/                                   status=200 latency=    0.42ms
2026-07-28T20:55:12 UTC | INFO     | REQUEST  | method=GET    endpoint=/                                   status=200 latency=    0.43ms
2026-07-28T20:55:42 UTC | INFO     | REQUEST  | method=GET    endpoint=/                                   status=200 latency=    1.81ms
2026-07-28T20:56:13 UTC | INFO     | REQUEST  | method=GET    endpoint=/                                   status=200 latency=    0.40ms
2026-07-28T20:56:43 UTC | INFO     | REQUEST  | method=GET    endpoint=/                                   status=200 latency=    0.51ms
2026-07-28T20:57:14 UTC | INFO     | REQUEST  | method=GET    endpoint=/                                   status=200 latency=    0.50ms
2026-07-28T20:57:45 UTC | INFO     | REQUEST  | method=GET    endpoint=/                                   status=200 latency=    0.81ms
2026-07-28T20:58:15 UTC | INFO     | REQUEST  | method=GET    endpoint=/                                   status=200 latency=    0.47ms
2026-07-28T20:58:45 UTC | INFO     | REQUEST  | method=GET    endpoint=/                                   status=200 latency=    0.40ms
2026-07-28T20:59:16 UTC | INFO     | REQUEST  | method=GET    endpoint=/                                   status=200 latency=    0.83ms
2026-07-28T20:59:47 UTC | INFO     | REQUEST  | method=GET    endpoint=/                                   status=200 latency=    2.20ms
2026-07-28T21:00:18 UTC | INFO     | REQUEST  | method=GET    endpoint=/                                   status=200 latency=    4.14ms
2026-07-28T21:00:49 UTC | INFO     | REQUEST  | method=GET    endpoint=/                                   status=200 latency=    2.89ms
2026-07-28T21:01:19 UTC | INFO     | REQUEST  | method=GET    endpoint=/                                   status=200 latency=    0.33ms
2026-07-28T21:01:50 UTC | INFO     | REQUEST  | method=GET    endpoint=/                                   status=200 latency=    0.42ms
2026-07-28T21:02:20 UTC | INFO     | REQUEST  | method=GET    endpoint=/                                   status=200 latency=    2.51ms
2026-07-28T21:02:51 UTC | INFO     | REQUEST  | method=GET    endpoint=/                                   status=200 latency=    0.40ms
2026-07-28T21:03:21 UTC | INFO     | REQUEST  | method=GET    endpoint=/                                   status=200 latency=    0.30ms
2026-07-28T21:03:51 UTC | INFO     | REQUEST  | method=GET    endpoint=/                                   status=200 latency=    0.33ms
2026-07-28T21:04:22 UTC | INFO     | REQUEST  | method=GET    endpoint=/                                   status=200 latency=    2.58ms
2026-07-28T21:04:52 UTC | INFO     | REQUEST  | method=GET    endpoint=/                                   status=200 latency=    1.91ms
2026-07-28T21:05:23 UTC | INFO     | REQUEST  | method=GET    endpoint=/                                   status=200 latency=    0.70ms
2026-07-28T21:05:53 UTC | INFO     | REQUEST  | method=GET    endpoint=/                                   status=200 latency=    9.12ms
2026-07-28T21:06:24 UTC | INFO     | REQUEST  | method=GET    endpoint=/                                   status=200 latency=    1.43ms
2026-07-28T21:06:54 UTC | INFO     | REQUEST  | method=GET    endpoint=/                                   status=200 latency=    0.40ms
2026-07-28T21:07:25 UTC | INFO     | REQUEST  | method=GET    endpoint=/                                   status=200 latency=    0.45ms
2026-07-28T21:07:55 UTC | INFO     | REQUEST  | method=GET    endpoint=/                                   status=200 latency=    0.68ms
2026-07-28T21:08:26 UTC | INFO     | REQUEST  | method=GET    endpoint=/                                   status=200 latency=    1.73ms
2026-07-28T21:08:56 UTC | INFO     | REQUEST  | method=GET    endpoint=/                                   status=200 latency=    0.51ms
2026-07-28T21:09:27 UTC | INFO     | REQUEST  | method=GET    endpoint=/                                   status=200 latency=    0.49ms
2026-07-28T21:09:58 UTC | INFO     | REQUEST  | method=GET    endpoint=/                                   status=200 latency=    4.05ms
2026-07-28T21:10:28 UTC | INFO     | REQUEST  | method=GET    endpoint=/                                   status=200 latency=    0.56ms
2026-07-28T21:10:59 UTC | INFO     | REQUEST  | method=GET    endpoint=/                                   status=200 latency=    2.13ms
2026-07-28T21:11:29 UTC | INFO     | REQUEST  | method=GET    endpoint=/                                   status=200 latency=    0.41ms
2026-07-28T21:12:00 UTC | INFO     | REQUEST  | method=GET    endpoint=/                                   status=200 latency=    1.49ms
2026-07-28T21:12:31 UTC | INFO     | REQUEST  | method=GET    endpoint=/                                   status=200 latency=    1.24ms
2026-07-28T21:13:01 UTC | INFO     | REQUEST  | method=GET    endpoint=/                                   status=200 latency=    0.37ms
2026-07-28T21:13:31 UTC | INFO     | REQUEST  | method=GET    endpoint=/                                   status=200 latency=    0.39ms
2026-07-28T21:14:02 UTC | INFO     | REQUEST  | method=GET    endpoint=/                                   status=200 latency=    0.33ms
2026-07-28T21:14:32 UTC | INFO     | REQUEST  | method=GET    endpoint=/                                   status=200 latency=    1.69ms
2026-07-28T21:15:03 UTC | INFO     | REQUEST  | method=GET    endpoint=/                                   status=200 latency=    0.77ms
2026-07-28T21:15:34 UTC | INFO     | REQUEST  | method=GET    endpoint=/                                   status=200 latency=    1.83ms
2026-07-28T21:16:05 UTC | INFO     | REQUEST  | method=GET    endpoint=/                                   status=200 latency=    0.38ms
2026-07-28T21:16:36 UTC | INFO     | REQUEST  | method=GET    endpoint=/                                   status=200 latency=    0.56ms
2026-07-28T21:17:07 UTC | INFO     | REQUEST  | method=GET    endpoint=/                                   status=200 latency=    1.82ms
2026-07-28T21:17:38 UTC | INFO     | REQUEST  | method=GET    endpoint=/                                   status=200 latency=    0.41ms
2026-07-28T21:18:09 UTC | INFO     | REQUEST  | method=GET    endpoint=/                                   status=200 latency=    1.42ms
2026-07-28T21:18:40 UTC | INFO     | REQUEST  | method=GET    endpoint=/                                   status=200 latency=    0.73ms
2026-07-28T21:19:11 UTC | INFO     | REQUEST  | method=GET    endpoint=/                                   status=200 latency=    0.76ms
2026-07-28T21:19:43 UTC | INFO     | REQUEST  | method=GET    endpoint=/                                   status=200 latency=    5.18ms
2026-07-28T21:20:14 UTC | INFO     | REQUEST  | method=GET    endpoint=/                                   status=200 latency=    1.69ms
2026-07-28T21:20:46 UTC | INFO     | REQUEST  | method=GET    endpoint=/                                   status=200 latency=    3.53ms
2026-07-28T21:21:18 UTC | INFO     | REQUEST  | method=GET    endpoint=/                                   status=200 latency=    2.23ms
2026-07-28T21:21:50 UTC | INFO     | REQUEST  | method=GET    endpoint=/                                   status=200 latency=    2.17ms
2026-07-28T21:22:22 UTC | INFO     | REQUEST  | method=GET    endpoint=/                                   status=200 latency=    4.97ms
2026-07-28T21:22:54 UTC | INFO     | REQUEST  | method=GET    endpoint=/                                   status=200 latency=    5.60ms
2026-07-28T21:23:25 UTC | INFO     | REQUEST  | method=GET    endpoint=/                                   status=200 latency=    0.77ms
2026-07-28T21:23:56 UTC | INFO     | REQUEST  | method=GET    endpoint=/                                   status=200 latency=    2.40ms
2026-07-28T21:24:28 UTC | INFO     | REQUEST  | method=GET    endpoint=/                                   status=200 latency=    1.06ms
2026-07-28T21:24:59 UTC | INFO     | REQUEST  | method=GET    endpoint=/                                   status=200 latency=    1.60ms
2026-07-28T21:25:30 UTC | INFO     | REQUEST  | method=GET    endpoint=/                                   status=200 latency=    0.46ms
2026-07-28T21:26:00 UTC | INFO     | REQUEST  | method=GET    endpoint=/                                   status=200 latency=    2.44ms
2026-07-28T21:26:32 UTC | INFO     | REQUEST  | method=GET    endpoint=/                                   status=200 latency=    1.84ms
2026-07-28T21:27:03 UTC | INFO     | REQUEST  | method=GET    endpoint=/                                   status=200 latency=    1.43ms
2026-07-28T21:27:34 UTC | INFO     | REQUEST  | method=GET    endpoint=/                                   status=200 latency=    0.81ms
2026-07-28T21:28:05 UTC | INFO     | REQUEST  | method=GET    endpoint=/                                   status=200 latency=    1.90ms
2026-07-28T21:28:37 UTC | INFO     | REQUEST  | method=GET    endpoint=/                                   status=200 latency=    2.64ms
2026-07-28T21:29:08 UTC | INFO     | REQUEST  | method=GET    endpoint=/                                   status=200 latency=    0.67ms
2026-07-28T21:29:39 UTC | INFO     | REQUEST  | method=GET    endpoint=/                                   status=200 latency=    0.63ms
2026-07-28T21:30:11 UTC | INFO     | REQUEST  | method=GET    endpoint=/                                   status=200 latency=   21.24ms
2026-07-28T21:30:42 UTC | INFO     | REQUEST  | method=GET    endpoint=/                                   status=200 latency=    1.15ms
2026-07-28T21:31:13 UTC | INFO     | REQUEST  | method=GET    endpoint=/                                   status=200 latency=    0.58ms
2026-07-28T21:31:44 UTC | INFO     | REQUEST  | method=GET    endpoint=/                                   status=200 latency=    0.55ms
2026-07-28T21:32:16 UTC | INFO     | REQUEST  | method=GET    endpoint=/                                   status=200 latency=    0.77ms
2026-07-28T21:32:47 UTC | INFO     | REQUEST  | method=GET    endpoint=/                                   status=200 latency=    0.68ms
2026-07-28T21:33:18 UTC | INFO     | REQUEST  | method=GET    endpoint=/                                   status=200 latency=    0.76ms
2026-07-28T21:33:50 UTC | INFO     | REQUEST  | method=GET    endpoint=/                                   status=200 latency=    0.86ms
2026-07-28T21:34:21 UTC | INFO     | REQUEST  | method=GET    endpoint=/                                   status=200 latency=    2.24ms
2026-07-28T21:34:52 UTC | INFO     | REQUEST  | method=GET    endpoint=/                                   status=200 latency=    4.02ms
2026-07-28T21:35:23 UTC | INFO     | REQUEST  | method=GET    endpoint=/                                   status=200 latency=    0.78ms
2026-07-28T21:35:54 UTC | INFO     | REQUEST  | method=GET    endpoint=/                                   status=200 latency=    0.58ms
2026-07-28T21:36:26 UTC | INFO     | REQUEST  | method=GET    endpoint=/                                   status=200 latency=    1.52ms
2026-07-28T21:36:57 UTC | INFO     | REQUEST  | method=GET    endpoint=/                                   status=200 latency=    3.09ms
2026-07-28T21:37:28 UTC | INFO     | REQUEST  | method=GET    endpoint=/                                   status=200 latency=    1.44ms
2026-07-28T21:37:59 UTC | INFO     | REQUEST  | method=GET    endpoint=/                                   status=200 latency=    2.33ms
2026-07-28T21:38:30 UTC | INFO     | REQUEST  | method=GET    endpoint=/                                   status=200 latency=    0.97ms
2026-07-28T21:39:01 UTC | INFO     | REQUEST  | method=GET    endpoint=/                                   status=200 latency=    0.76ms
2026-07-28T21:39:33 UTC | INFO     | REQUEST  | method=GET    endpoint=/                                   status=200 latency=    0.63ms
2026-07-28T21:40:04 UTC | INFO     | REQUEST  | method=GET    endpoint=/                                   status=200 latency=    0.72ms
2026-07-28T21:40:35 UTC | INFO     | REQUEST  | method=GET    endpoint=/                                   status=200 latency=    1.82ms
2026-07-28T21:41:06 UTC | INFO     | REQUEST  | method=GET    endpoint=/                                   status=200 latency=    1.84ms
2026-07-28T21:41:38 UTC | INFO     | REQUEST  | method=GET    endpoint=/                                   status=200 latency=    0.72ms
2026-07-28T21:42:09 UTC | INFO     | REQUEST  | method=GET    endpoint=/                                   status=200 latency=    2.64ms
2026-07-28T21:42:40 UTC | INFO     | REQUEST  | method=GET    endpoint=/                                   status=200 latency=    1.24ms
2026-07-28T21:43:12 UTC | INFO     | REQUEST  | method=GET    endpoint=/                                   status=200 latency=    0.72ms
2026-07-28T21:43:43 UTC | INFO     | REQUEST  | method=GET    endpoint=/                                   status=200 latency=    0.71ms
2026-07-28T21:44:14 UTC | INFO     | REQUEST  | method=GET    endpoint=/                                   status=200 latency=    0.39ms
2026-07-28T21:44:45 UTC | INFO     | REQUEST  | method=GET    endpoint=/                                   status=200 latency=    0.34ms
2026-07-28T21:45:16 UTC | INFO     | REQUEST  | method=GET    endpoint=/                                   status=200 latency=    0.81ms
2026-07-28T21:45:48 UTC | INFO     | REQUEST  | method=GET    endpoint=/                                   status=200 latency=    1.54ms
2026-07-28T21:46:19 UTC | INFO     | REQUEST  | method=GET    endpoint=/                                   status=200 latency=    1.66ms
2026-07-28T21:46:50 UTC | INFO     | REQUEST  | method=GET    endpoint=/                                   status=200 latency=    1.80ms
2026-07-28T21:47:21 UTC | INFO     | REQUEST  | method=GET    endpoint=/                                   status=200 latency=    5.48ms
2026-07-28T21:47:52 UTC | INFO     | REQUEST  | method=GET    endpoint=/                                   status=200 latency=    0.75ms
2026-07-28T21:48:24 UTC | INFO     | REQUEST  | method=GET    endpoint=/                                   status=200 latency=    0.75ms
2026-07-28T21:48:54 UTC | INFO     | REQUEST  | method=GET    endpoint=/                                   status=200 latency=    0.34ms
2026-07-28T21:49:25 UTC | INFO     | REQUEST  | method=GET    endpoint=/                                   status=200 latency=    0.32ms
2026-07-28T21:49:56 UTC | INFO     | REQUEST  | method=GET    endpoint=/                                   status=200 latency=    0.74ms
2026-07-28T21:50:27 UTC | INFO     | REQUEST  | method=GET    endpoint=/                                   status=200 latency=    3.07ms
2026-07-28T21:50:58 UTC | INFO     | REQUEST  | method=GET    endpoint=/                                   status=200 latency=    2.50ms
2026-07-28T21:51:30 UTC | INFO     | REQUEST  | method=GET    endpoint=/                                   status=200 latency=    2.64ms
2026-07-28T21:52:01 UTC | INFO     | REQUEST  | method=GET    endpoint=/                                   status=200 latency=   22.69ms
2026-07-28T21:52:32 UTC | INFO     | REQUEST  | method=GET    endpoint=/                                   status=200 latency=    6.12ms
2026-07-28T21:53:04 UTC | INFO     | REQUEST  | method=GET    endpoint=/                                   status=200 latency=    0.41ms
2026-07-28T21:53:35 UTC | INFO     | REQUEST  | method=GET    endpoint=/                                   status=200 latency=    0.90ms
2026-07-28T21:54:06 UTC | INFO     | REQUEST  | method=GET    endpoint=/                                   status=200 latency=    0.80ms
2026-07-28T21:54:37 UTC | INFO     | REQUEST  | method=GET    endpoint=/                                   status=200 latency=    1.07ms
2026-07-28T21:55:08 UTC | INFO     | REQUEST  | method=GET    endpoint=/                                   status=200 latency=    3.07ms
2026-07-28T21:55:40 UTC | INFO     | REQUEST  | method=GET    endpoint=/                                   status=200 latency=    0.66ms
2026-07-28T21:56:11 UTC | INFO     | REQUEST  | method=GET    endpoint=/                                   status=200 latency=    1.93ms
2026-07-28T21:56:42 UTC | INFO     | REQUEST  | method=GET    endpoint=/                                   status=200 latency=    0.86ms
2026-07-28T21:57:13 UTC | INFO     | REQUEST  | method=GET    endpoint=/                                   status=200 latency=    2.27ms
2026-07-28T21:57:44 UTC | INFO     | REQUEST  | method=GET    endpoint=/                                   status=200 latency=    3.42ms
2026-07-28T21:58:15 UTC | INFO     | REQUEST  | method=GET    endpoint=/                                   status=200 latency=    0.60ms
2026-07-28T21:58:47 UTC | INFO     | REQUEST  | method=GET    endpoint=/                                   status=200 latency=    2.08ms
2026-07-28T21:59:18 UTC | INFO     | REQUEST  | method=GET    endpoint=/                                   status=200 latency=    0.65ms
2026-07-28T21:59:49 UTC | INFO     | REQUEST  | method=GET    endpoint=/                                   status=200 latency=    2.18ms
2026-07-28T22:00:20 UTC | INFO     | REQUEST  | method=GET    endpoint=/                                   status=200 latency=    0.75ms
2026-07-28T22:00:51 UTC | INFO     | REQUEST  | method=GET    endpoint=/                                   status=200 latency=    2.48ms
2026-07-28T22:01:22 UTC | INFO     | REQUEST  | method=GET    endpoint=/                                   status=200 latency=    0.98ms
2026-07-28T22:01:54 UTC | INFO     | REQUEST  | method=GET    endpoint=/                                   status=200 latency=    1.17ms
2026-07-28T22:02:25 UTC | INFO     | REQUEST  | method=GET    endpoint=/                                   status=200 latency=    2.25ms
2026-07-28T22:02:47 UTC | INFO     | REQUEST  | method=GET    endpoint=/                                   status=200 latency=    2.11ms
2026-07-28T22:02:47 UTC | INFO     | REQUEST  | method=GET    endpoint=/favicon.ico                        status=404 latency=   29.05ms
2026-07-28T22:02:56 UTC | INFO     | REQUEST  | method=GET    endpoint=/                                   status=200 latency=    1.99ms
2026-07-28T22:03:27 UTC | INFO     | REQUEST  | method=GET    endpoint=/                                   status=200 latency=   22.37ms
2026-07-28T22:03:58 UTC | INFO     | REQUEST  | method=GET    endpoint=/                                   status=200 latency=    0.59ms
2026-07-28T22:04:29 UTC | INFO     | REQUEST  | method=GET    endpoint=/                                   status=200 latency=    5.94ms
2026-07-28T22:05:01 UTC | INFO     | REQUEST  | method=GET    endpoint=/                                   status=200 latency=    0.79ms
2026-07-28T22:05:32 UTC | INFO     | REQUEST  | method=GET    endpoint=/                                   status=200 latency=   11.00ms
2026-07-28T22:06:03 UTC | INFO     | REQUEST  | method=GET    endpoint=/                                   status=200 latency=    1.00ms
2026-07-28T22:06:15 UTC | INFO     | REQUEST  | method=GET    endpoint=/                                   status=200 latency=    0.90ms
2026-07-28T22:06:15 UTC | INFO     | REQUEST  | method=GET    endpoint=/favicon.ico                        status=404 latency=   14.13ms
2026-07-28T22:06:29 UTC | INFO     | REQUEST  | method=GET    endpoint=/                                   status=200 latency=   23.52ms
2026-07-28T22:06:35 UTC | INFO     | REQUEST  | method=GET    endpoint=/                                   status=200 latency=    0.76ms
2026-07-28T22:07:06 UTC | INFO     | REQUEST  | method=GET    endpoint=/                                   status=200 latency=    0.75ms
2026-07-28T22:07:37 UTC | INFO     | REQUEST  | method=GET    endpoint=/                                   status=200 latency=    0.55ms
2026-07-28T22:08:08 UTC | INFO     | REQUEST  | method=GET    endpoint=/                                   status=200 latency=    3.98ms
2026-07-28T22:08:39 UTC | INFO     | REQUEST  | method=GET    endpoint=/                                   status=200 latency=    1.46ms
2026-07-28T22:09:10 UTC | INFO     | REQUEST  | method=GET    endpoint=/                                   status=200 latency=    2.08ms
2026-07-28T22:09:42 UTC | INFO     | REQUEST  | method=GET    endpoint=/                                   status=200 latency=    2.81ms
2026-07-28T22:10:13 UTC | INFO     | REQUEST  | method=GET    endpoint=/                                   status=200 latency=    0.44ms
2026-07-28T22:10:21 UTC | INFO     | REQUEST  | method=OPTIONS endpoint=/api/v1/auth/login                  status=200 latency=   23.86ms
2026-07-28T22:10:22 UTC | INFO     | AUTH     | user=cliente_006          network_delay=0.1547s user_speed=27.17s source_type=human
2026-07-28T22:10:22 UTC | INFO     | AUTH_OK  | user=cliente_006          account=MX-4821-0006 type=PREMIUM user_speed=27.17s source_type=human
2026-07-28T22:10:22 UTC | INFO     | REQUEST  | method=POST   endpoint=/api/v1/auth/login                  status=200 latency=  470.59ms
2026-07-28T22:10:23 UTC | INFO     | AUTH     | user=cliente_006          network_delay=0.4915s user_speed=28.31s source_type=human
2026-07-28T22:10:23 UTC | INFO     | AUTH_OK  | user=cliente_006          account=MX-4821-0006 type=PREMIUM user_speed=28.31s source_type=human
2026-07-28T22:10:23 UTC | INFO     | REQUEST  | method=POST   endpoint=/api/v1/auth/login                  status=200 latency=  506.14ms
2026-07-28T22:10:44 UTC | INFO     | REQUEST  | method=GET    endpoint=/                                   status=200 latency=   12.90ms
2026-07-28T22:11:15 UTC | INFO     | REQUEST  | method=GET    endpoint=/                                   status=200 latency=    2.21ms
2026-07-28T22:11:46 UTC | INFO     | REQUEST  | method=GET    endpoint=/                                   status=200 latency=    2.79ms
2026-07-28T22:12:17 UTC | INFO     | REQUEST  | method=GET    endpoint=/                                   status=200 latency=    0.48ms
2026-07-28T22:12:47 UTC | INFO     | REQUEST  | method=GET    endpoint=/                                   status=200 latency=    0.33ms
2026-07-28T22:13:18 UTC | INFO     | REQUEST  | method=GET    endpoint=/                                   status=200 latency=    0.83ms
2026-07-28T22:13:49 UTC | INFO     | REQUEST  | method=GET    endpoint=/                                   status=200 latency=    2.00ms
2026-07-28T22:14:21 UTC | INFO     | REQUEST  | method=GET    endpoint=/                                   status=200 latency=    0.88ms
2026-07-28T22:14:52 UTC | INFO     | REQUEST  | method=GET    endpoint=/                                   status=200 latency=    2.49ms
2026-07-28T22:15:22 UTC | INFO     | REQUEST  | method=GET    endpoint=/                                   status=200 latency=    3.15ms
2026-07-28T22:15:53 UTC | INFO     | REQUEST  | method=GET    endpoint=/                                   status=200 latency=    0.34ms
2026-07-28T22:16:23 UTC | INFO     | REQUEST  | method=GET    endpoint=/                                   status=200 latency=    0.60ms
2026-07-28T22:16:54 UTC | INFO     | REQUEST  | method=GET    endpoint=/                                   status=200 latency=    0.31ms
2026-07-28T22:17:24 UTC | INFO     | REQUEST  | method=GET    endpoint=/                                   status=200 latency=    0.32ms
2026-07-28T22:17:44 UTC | INFO     | REQUEST  | method=OPTIONS endpoint=/api/v1/auth/login                  status=200 latency=    1.10ms
2026-07-28T22:17:45 UTC | INFO     | REQUEST  | method=OPTIONS endpoint=/api/v1/auth/login                  status=200 latency=    3.27ms
2026-07-28T22:17:45 UTC | INFO     | AUTH     | user=cliente_006          network_delay=0.8856s user_speed=43.98s source_type=human
2026-07-28T22:17:45 UTC | INFO     | AUTH_OK  | user=cliente_006          account=MX-4821-0006 type=PREMIUM user_speed=43.98s source_type=human
2026-07-28T22:17:45 UTC | INFO     | REQUEST  | method=POST   endpoint=/api/v1/auth/login                  status=200 latency=  900.71ms
2026-07-28T22:17:46 UTC | INFO     | AUTH     | user=cliente_006          network_delay=0.9520s user_speed=44.91s source_type=human
2026-07-28T22:17:46 UTC | INFO     | AUTH_OK  | user=cliente_006          account=MX-4821-0006 type=PREMIUM user_speed=44.91s source_type=human
2026-07-28T22:17:46 UTC | INFO     | REQUEST  | method=POST   endpoint=/api/v1/auth/login                  status=200 latency=  960.29ms
2026-07-28T22:17:54 UTC | INFO     | REQUEST  | method=GET    endpoint=/                                   status=200 latency=    0.41ms
2026-07-28T22:18:25 UTC | INFO     | REQUEST  | method=GET    endpoint=/                                   status=200 latency=    0.37ms
2026-07-28T22:18:55 UTC | INFO     | REQUEST  | method=GET    endpoint=/                                   status=200 latency=    0.42ms
2026-07-28T22:19:26 UTC | INFO     | REQUEST  | method=GET    endpoint=/                                   status=200 latency=    0.32ms
2026-07-28T22:19:57 UTC | INFO     | REQUEST  | method=GET    endpoint=/                                   status=200 latency=    0.33ms
2026-07-28T22:20:27 UTC | INFO     | REQUEST  | method=GET    endpoint=/                                   status=200 latency=    0.50ms
2026-07-28T22:20:58 UTC | INFO     | REQUEST  | method=GET    endpoint=/                                   status=200 latency=    0.36ms
2026-07-28T22:21:29 UTC | INFO     | REQUEST  | method=GET    endpoint=/                                   status=200 latency=    0.70ms
2026-07-28T22:22:00 UTC | INFO     | REQUEST  | method=GET    endpoint=/                                   status=200 latency=    0.68ms
2026-07-28T22:22:31 UTC | INFO     | REQUEST  | method=GET    endpoint=/                                   status=200 latency=    1.92ms
2026-07-28T22:23:02 UTC | INFO     | REQUEST  | method=GET    endpoint=/                                   status=200 latency=    0.50ms
2026-07-28T22:23:33 UTC | INFO     | REQUEST  | method=GET    endpoint=/                                   status=200 latency=    1.27ms
2026-07-28T22:24:04 UTC | INFO     | REQUEST  | method=GET    endpoint=/                                   status=200 latency=    0.73ms
2026-07-28T22:24:35 UTC | INFO     | REQUEST  | method=GET    endpoint=/                                   status=200 latency=    0.34ms
2026-07-28T22:25:05 UTC | INFO     | REQUEST  | method=GET    endpoint=/                                   status=200 latency=    0.36ms
2026-07-28T22:25:37 UTC | INFO     | REQUEST  | method=GET    endpoint=/                                   status=200 latency=    0.58ms
2026-07-28T22:26:08 UTC | INFO     | REQUEST  | method=GET    endpoint=/                                   status=200 latency=    1.61ms
2026-07-28T22:26:39 UTC | INFO     | REQUEST  | method=GET    endpoint=/                                   status=200 latency=    7.21ms
2026-07-28T22:27:10 UTC | INFO     | REQUEST  | method=GET    endpoint=/                                   status=200 latency=    0.62ms
2026-07-28T22:27:41 UTC | INFO     | REQUEST  | method=GET    endpoint=/                                   status=200 latency=    1.10ms
2026-07-28T22:28:12 UTC | INFO     | REQUEST  | method=GET    endpoint=/                                   status=200 latency=    1.89ms
2026-07-28T22:28:44 UTC | INFO     | REQUEST  | method=GET    endpoint=/                                   status=200 latency=    0.45ms
2026-07-28T22:29:15 UTC | INFO     | REQUEST  | method=GET    endpoint=/                                   status=200 latency=    1.24ms
2026-07-28T22:29:46 UTC | INFO     | REQUEST  | method=GET    endpoint=/                                   status=200 latency=    0.44ms
2026-07-28T22:30:17 UTC | INFO     | REQUEST  | method=GET    endpoint=/                                   status=200 latency=    1.02ms
2026-07-28T22:30:48 UTC | INFO     | REQUEST  | method=GET    endpoint=/                                   status=200 latency=    0.77ms
2026-07-28T22:31:19 UTC | INFO     | REQUEST  | method=GET    endpoint=/                                   status=200 latency=    1.98ms
2026-07-28T22:31:21 UTC | INFO     | REQUEST  | method=GET    endpoint=/                                   status=200 latency=    2.27ms
2026-07-28T22:31:21 UTC | INFO     | REQUEST  | method=GET    endpoint=/favicon.ico                        status=404 latency=   11.45ms
2026-07-28T22:31:50 UTC | INFO     | REQUEST  | method=GET    endpoint=/                                   status=200 latency=    0.93ms
2026-07-28T22:32:21 UTC | INFO     | REQUEST  | method=GET    endpoint=/                                   status=200 latency=    1.16ms
2026-07-28T22:32:52 UTC | INFO     | REQUEST  | method=GET    endpoint=/                                   status=200 latency=    0.68ms
2026-07-28T22:33:23 UTC | INFO     | REQUEST  | method=GET    endpoint=/                                   status=200 latency=    0.49ms
2026-07-28T22:33:54 UTC | INFO     | REQUEST  | method=GET    endpoint=/                                   status=200 latency=    0.74ms
2026-07-28T22:34:25 UTC | INFO     | REQUEST  | method=GET    endpoint=/                                   status=200 latency=    0.72ms
2026-07-28T22:34:46 UTC | INFO     | REQUEST  | method=GET    endpoint=/                                   status=200 latency=    0.58ms
2026-07-28T22:34:46 UTC | INFO     | REQUEST  | method=GET    endpoint=/favicon.ico                        status=404 latency=    0.97ms
2026-07-28T22:34:50 UTC | INFO     | REQUEST  | method=OPTIONS endpoint=/api/v1/auth/login                  status=200 latency=    0.44ms
2026-07-28T22:34:50 UTC | INFO     | REQUEST  | method=POST   endpoint=/api/v1/auth/login                  status=422 latency=   89.78ms
2026-07-28T22:34:50 UTC | INFO     | REQUEST  | method=OPTIONS endpoint=/api/v1/auth/login                  status=200 latency=    9.15ms
2026-07-28T22:34:51 UTC | INFO     | REQUEST  | method=POST   endpoint=/api/v1/auth/login                  status=422 latency=   20.17ms
2026-07-28T22:34:57 UTC | INFO     | REQUEST  | method=GET    endpoint=/                                   status=200 latency=    0.67ms
2026-07-28T22:35:03 UTC | INFO     | REQUEST  | method=OPTIONS endpoint=/api/v1/auth/login                  status=200 latency=    0.47ms
2026-07-28T22:35:03 UTC | INFO     | REQUEST  | method=POST   endpoint=/api/v1/auth/login                  status=422 latency=    7.90ms
2026-07-28T22:35:04 UTC | INFO     | REQUEST  | method=OPTIONS endpoint=/api/v1/auth/login                  status=200 latency=    0.46ms
2026-07-28T22:35:04 UTC | INFO     | REQUEST  | method=OPTIONS endpoint=/api/v1/auth/login                  status=200 latency=    0.48ms
2026-07-28T22:35:04 UTC | INFO     | REQUEST  | method=POST   endpoint=/api/v1/auth/login                  status=422 latency=    8.94ms
2026-07-28T22:35:05 UTC | INFO     | REQUEST  | method=POST   endpoint=/api/v1/auth/login                  status=422 latency=   15.81ms
2026-07-28T22:35:05 UTC | INFO     | REQUEST  | method=OPTIONS endpoint=/api/v1/auth/login                  status=200 latency=   11.09ms
2026-07-28T22:35:05 UTC | INFO     | REQUEST  | method=POST   endpoint=/api/v1/auth/login                  status=422 latency=    5.76ms
2026-07-28T22:35:28 UTC | INFO     | REQUEST  | method=GET    endpoint=/                                   status=200 latency=    3.02ms
2026-07-28T22:35:35 UTC | INFO     | REQUEST  | method=OPTIONS endpoint=/api/v1/auth/login                  status=200 latency=    0.68ms
2026-07-28T22:35:36 UTC | INFO     | AUTH     | user=cliente_001          network_delay=0.8692s user_speed=15.64s source_type=human
2026-07-28T22:35:36 UTC | INFO     | AUTH_OK  | user=cliente_001          account=MX-4821-0001 type=PREMIUM user_speed=15.64s source_type=human
2026-07-28T22:35:36 UTC | INFO     | REQUEST  | method=POST   endpoint=/api/v1/auth/login                  status=200 latency=  903.68ms
2026-07-28T22:35:59 UTC | INFO     | REQUEST  | method=GET    endpoint=/                                   status=200 latency=    0.33ms
2026-07-28T22:36:30 UTC | INFO     | REQUEST  | method=GET    endpoint=/                                   status=200 latency=    0.91ms
2026-07-28T22:37:01 UTC | INFO     | REQUEST  | method=GET    endpoint=/                                   status=200 latency=    0.57ms
2026-07-28T22:37:32 UTC | INFO     | REQUEST  | method=GET    endpoint=/                                   status=200 latency=    0.73ms
2026-07-28T22:38:03 UTC | INFO     | REQUEST  | method=GET    endpoint=/                                   status=200 latency=    0.74ms
2026-07-28T22:38:34 UTC | INFO     | REQUEST  | method=GET    endpoint=/                                   status=200 latency=    0.70ms
2026-07-28T22:39:05 UTC | INFO     | REQUEST  | method=GET    endpoint=/                                   status=200 latency=    0.34ms
2026-07-28T22:39:36 UTC | INFO     | REQUEST  | method=GET    endpoint=/                                   status=200 latency=    4.61ms
2026-07-28T22:40:08 UTC | INFO     | REQUEST  | method=GET    endpoint=/                                   status=200 latency=    3.31ms
2026-07-28T22:40:39 UTC | INFO     | REQUEST  | method=GET    endpoint=/                                   status=200 latency=    1.47ms
2026-07-28T22:41:11 UTC | INFO     | REQUEST  | method=GET    endpoint=/                                   status=200 latency=    1.88ms
2026-07-28T22:41:41 UTC | INFO     | REQUEST  | method=GET    endpoint=/                                   status=200 latency=    0.63ms
2026-07-28T22:42:12 UTC | INFO     | REQUEST  | method=GET    endpoint=/                                   status=200 latency=    0.46ms
2026-07-28T22:42:43 UTC | INFO     | REQUEST  | method=GET    endpoint=/                                   status=200 latency=    0.37ms
2026-07-28T22:43:06 UTC | INFO     | REQUEST  | method=OPTIONS endpoint=/api/v1/auth/login                  status=200 latency=    1.27ms
2026-07-28T22:43:08 UTC | INFO     | AUTH     | user=cliente_001          network_delay=1.1803s user_speed=60.70s source_type=human
2026-07-28T22:43:08 UTC | INFO     | AUTH_OK  | user=cliente_001          account=MX-4821-0001 type=PREMIUM user_speed=60.70s source_type=human
2026-07-28T22:43:08 UTC | INFO     | REQUEST  | method=POST   endpoint=/api/v1/auth/login                  status=200 latency= 1203.22ms
2026-07-28T22:43:14 UTC | INFO     | REQUEST  | method=GET    endpoint=/                                   status=200 latency=    0.40ms
2026-07-28T22:43:45 UTC | INFO     | REQUEST  | method=GET    endpoint=/                                   status=200 latency=    1.08ms
2026-07-28T22:44:09 UTC | INFO     | REQUEST  | method=OPTIONS endpoint=/api/v1/transactions/transfer       status=200 latency=    3.31ms
2026-07-28T22:44:10 UTC | INFO     | TXN      | account=MX-4821-0001    destination=MX-4821-0002    amount=    100.00 network_delay=1.2937s user_speed=24.01s source_type=human
2026-07-28T22:44:10 UTC | INFO     | TXN_OK   | account=MX-4821-0001    destination=MX-4821-0002    amount=    100.00 user_speed=24.01s source_type=human
2026-07-28T22:44:10 UTC | INFO     | REQUEST  | method=POST   endpoint=/api/v1/transactions/transfer       status=200 latency= 1481.38ms
2026-07-28T22:44:15 UTC | INFO     | REQUEST  | method=GET    endpoint=/                                   status=200 latency=    0.43ms
2026-07-28T22:44:46 UTC | INFO     | REQUEST  | method=GET    endpoint=/                                   status=200 latency=    0.46ms
2026-07-28T22:44:51 UTC | INFO     | REQUEST  | method=OPTIONS endpoint=/api/v1/auth/login                  status=200 latency=    1.29ms
2026-07-28T22:44:52 UTC | INFO     | AUTH     | user=cliente_002          network_delay=1.0145s user_speed=14.52s source_type=human
2026-07-28T22:44:52 UTC | INFO     | AUTH_OK  | user=cliente_002          account=MX-4821-0002 type=STANDARD user_speed=14.52s source_type=human
2026-07-28T22:44:52 UTC | INFO     | REQUEST  | method=POST   endpoint=/api/v1/auth/login                  status=200 latency= 1026.96ms
2026-07-28T22:45:17 UTC | INFO     | REQUEST  | method=GET    endpoint=/                                   status=200 latency=    0.32ms
2026-07-28T22:45:47 UTC | INFO     | REQUEST  | method=GET    endpoint=/                                   status=200 latency=    1.02ms
2026-07-28T22:46:18 UTC | INFO     | REQUEST  | method=GET    endpoint=/                                   status=200 latency=    0.51ms
2026-07-28T22:46:49 UTC | INFO     | REQUEST  | method=GET    endpoint=/                                   status=200 latency=    0.46ms
2026-07-28T22:47:19 UTC | INFO     | REQUEST  | method=GET    endpoint=/                                   status=200 latency=    0.57ms
2026-07-28T22:47:51 UTC | INFO     | REQUEST  | method=GET    endpoint=/                                   status=200 latency=   18.19ms
2026-07-28T22:48:22 UTC | INFO     | REQUEST  | method=GET    endpoint=/                                   status=200 latency=    3.22ms
2026-07-28T22:48:53 UTC | INFO     | REQUEST  | method=GET    endpoint=/                                   status=200 latency=    0.70ms
2026-07-28T22:49:24 UTC | INFO     | REQUEST  | method=GET    endpoint=/                                   status=200 latency=    0.53ms
2026-07-28T22:49:54 UTC | INFO     | REQUEST  | method=GET    endpoint=/                                   status=200 latency=    0.44ms
2026-07-28T22:50:25 UTC | INFO     | REQUEST  | method=GET    endpoint=/                                   status=200 latency=    0.41ms
2026-07-28T22:50:48 UTC | INFO     | REQUEST  | method=OPTIONS endpoint=/api/v1/auth/login                  status=200 latency=    0.47ms
2026-07-28T22:50:49 UTC | INFO     | AUTH     | user=cliente_006          network_delay=0.9926s user_speed=19.37s source_type=human
2026-07-28T22:50:49 UTC | INFO     | AUTH_OK  | user=cliente_006          account=MX-4821-0006 type=PREMIUM user_speed=19.37s source_type=human
2026-07-28T22:50:49 UTC | INFO     | REQUEST  | method=POST   endpoint=/api/v1/auth/login                  status=200 latency= 1003.73ms
2026-07-28T22:50:50 UTC | INFO     | REQUEST  | method=OPTIONS endpoint=/api/v1/auth/login                  status=200 latency=    0.30ms
2026-07-28T22:50:51 UTC | INFO     | AUTH     | user=cliente_006          network_delay=1.0018s user_speed=21.12s source_type=human
2026-07-28T22:50:51 UTC | INFO     | AUTH_OK  | user=cliente_006          account=MX-4821-0006 type=PREMIUM user_speed=21.12s source_type=human
2026-07-28T22:50:51 UTC | INFO     | REQUEST  | method=POST   endpoint=/api/v1/auth/login                  status=200 latency= 1013.66ms
2026-07-28T22:50:56 UTC | INFO     | REQUEST  | method=GET    endpoint=/                                   status=200 latency=    0.43ms
2026-07-28T22:51:28 UTC | INFO     | REQUEST  | method=GET    endpoint=/                                   status=200 latency=    4.47ms
2026-07-28T22:51:28 UTC | INFO     | REQUEST  | method=OPTIONS endpoint=/api/v1/transactions/transfer       status=200 latency=    0.32ms
2026-07-28T22:51:29 UTC | INFO     | TXN      | account=MX-4821-0002    destination=MX-9012-3344    amount=1000000.00 network_delay=0.5275s user_speed=21.57s source_type=human
2026-07-28T22:51:29 UTC | INFO     | TXN_OK   | account=MX-4821-0002    destination=MX-9012-3344    amount=1000000.00 user_speed=21.57s source_type=human
2026-07-28T22:51:30 UTC | INFO     | REQUEST  | method=POST   endpoint=/api/v1/transactions/transfer       status=200 latency=  577.33ms
2026-07-28T22:51:58 UTC | INFO     | REQUEST  | method=GET    endpoint=/                                   status=200 latency=    1.32ms
2026-07-28T22:52:21 UTC | INFO     | REQUEST  | method=OPTIONS endpoint=/api/v1/auth/login                  status=200 latency=    5.51ms
2026-07-28T22:52:23 UTC | INFO     | REQUEST  | method=OPTIONS endpoint=/api/v1/auth/login                  status=200 latency=    0.23ms
2026-07-28T22:52:23 UTC | INFO     | AUTH     | user=cliente_006          network_delay=0.5762s user_speed=15.98s source_type=human
2026-07-28T22:52:23 UTC | INFO     | AUTH_OK  | user=cliente_006          account=MX-4821-0006 type=PREMIUM user_speed=15.98s source_type=human
2026-07-28T22:52:23 UTC | INFO     | REQUEST  | method=POST   endpoint=/api/v1/auth/login                  status=200 latency= 2725.00ms
2026-07-28T22:52:24 UTC | INFO     | AUTH     | user=cliente_006          network_delay=0.5410s user_speed=18.41s source_type=human
2026-07-28T22:52:24 UTC | INFO     | AUTH_OK  | user=cliente_006          account=MX-4821-0006 type=PREMIUM user_speed=18.41s source_type=human
2026-07-28T22:52:24 UTC | INFO     | REQUEST  | method=POST   endpoint=/api/v1/auth/login                  status=200 latency=  545.98ms
2026-07-28T22:52:29 UTC | INFO     | REQUEST  | method=GET    endpoint=/                                   status=200 latency=    0.53ms
2026-07-28T22:53:00 UTC | INFO     | REQUEST  | method=GET    endpoint=/                                   status=200 latency=    0.52ms
2026-07-28T22:53:12 UTC | INFO     | REQUEST  | method=OPTIONS endpoint=/api/v1/transactions/transfer       status=200 latency=    1.35ms
2026-07-28T22:53:13 UTC | INFO     | TXN      | account=MX-4821-0006    destination=MX-4821-0002    amount=    500.00 network_delay=1.4424s user_speed=13.77s source_type=human
2026-07-28T22:53:13 UTC | INFO     | TXN_OK   | account=MX-4821-0006    destination=MX-4821-0002    amount=    500.00 user_speed=13.77s source_type=human
2026-07-28T22:53:13 UTC | INFO     | REQUEST  | method=POST   endpoint=/api/v1/transactions/transfer       status=200 latency= 1450.21ms
2026-07-28T22:53:30 UTC | INFO     | REQUEST  | method=GET    endpoint=/                                   status=200 latency=    0.52ms
2026-07-28T22:54:01 UTC | INFO     | REQUEST  | method=GET    endpoint=/                                   status=200 latency=    0.37ms
2026-07-28T22:54:32 UTC | INFO     | REQUEST  | method=GET    endpoint=/                                   status=200 latency=    1.48ms
2026-07-28T22:55:04 UTC | INFO     | REQUEST  | method=GET    endpoint=/                                   status=200 latency=    0.65ms
2026-07-28T22:55:36 UTC | INFO     | REQUEST  | method=GET    endpoint=/                                   status=200 latency=    4.10ms
2026-07-28T22:56:07 UTC | INFO     | REQUEST  | method=GET    endpoint=/                                   status=200 latency=    2.93ms
2026-07-28T22:56:38 UTC | INFO     | REQUEST  | method=GET    endpoint=/                                   status=200 latency=    3.01ms
2026-07-28T22:57:09 UTC | INFO     | REQUEST  | method=GET    endpoint=/                                   status=200 latency=    1.11ms
2026-07-28T22:57:40 UTC | INFO     | REQUEST  | method=GET    endpoint=/                                   status=200 latency=    3.34ms
2026-07-28T22:58:12 UTC | INFO     | REQUEST  | method=GET    endpoint=/                                   status=200 latency=    1.02ms
2026-07-28T22:58:43 UTC | INFO     | REQUEST  | method=GET    endpoint=/                                   status=200 latency=    0.73ms
2026-07-28T22:59:14 UTC | INFO     | REQUEST  | method=GET    endpoint=/                                   status=200 latency=    0.51ms
2026-07-28T22:59:46 UTC | INFO     | REQUEST  | method=GET    endpoint=/                                   status=200 latency=    2.66ms
2026-07-28T23:00:17 UTC | INFO     | REQUEST  | method=GET    endpoint=/                                   status=200 latency=    0.92ms
2026-07-28T23:00:48 UTC | INFO     | REQUEST  | method=GET    endpoint=/                                   status=200 latency=    1.40ms
2026-07-28T23:01:19 UTC | INFO     | REQUEST  | method=GET    endpoint=/                                   status=200 latency=    0.83ms
2026-07-28T23:01:51 UTC | INFO     | REQUEST  | method=GET    endpoint=/                                   status=200 latency=    4.88ms
2026-07-28T23:02:22 UTC | INFO     | REQUEST  | method=GET    endpoint=/                                   status=200 latency=    0.65ms
2026-07-28T23:02:53 UTC | INFO     | REQUEST  | method=GET    endpoint=/                                   status=200 latency=    0.40ms
2026-07-28T23:03:24 UTC | INFO     | REQUEST  | method=GET    endpoint=/                                   status=200 latency=    1.63ms
2026-07-28T23:03:56 UTC | INFO     | REQUEST  | method=GET    endpoint=/                                   status=200 latency=    0.78ms
2026-07-28T23:04:27 UTC | INFO     | REQUEST  | method=GET    endpoint=/                                   status=200 latency=    1.06ms
2026-07-28T23:04:58 UTC | INFO     | REQUEST  | method=GET    endpoint=/                                   status=200 latency=    2.92ms
2026-07-28T23:05:30 UTC | INFO     | REQUEST  | method=GET    endpoint=/                                   status=200 latency=    0.89ms
2026-07-28T23:06:01 UTC | INFO     | REQUEST  | method=GET    endpoint=/                                   status=200 latency=    0.66ms
2026-07-28T23:06:33 UTC | INFO     | REQUEST  | method=GET    endpoint=/                                   status=200 latency=    1.66ms
2026-07-28T23:07:04 UTC | INFO     | REQUEST  | method=GET    endpoint=/                                   status=200 latency=    1.25ms
2026-07-28T23:07:35 UTC | INFO     | REQUEST  | method=GET    endpoint=/                                   status=200 latency=    0.97ms
2026-07-28T23:08:06 UTC | INFO     | REQUEST  | method=GET    endpoint=/                                   status=200 latency=    1.45ms
2026-07-28T23:08:37 UTC | INFO     | REQUEST  | method=GET    endpoint=/                                   status=200 latency=    0.89ms
2026-07-28T23:09:09 UTC | INFO     | REQUEST  | method=GET    endpoint=/                                   status=200 latency=    1.84ms
2026-07-28T23:09:40 UTC | INFO     | REQUEST  | method=GET    endpoint=/                                   status=200 latency=    2.09ms
2026-07-28T23:10:11 UTC | INFO     | REQUEST  | method=GET    endpoint=/                                   status=200 latency=    1.51ms
2026-07-28T23:10:42 UTC | INFO     | REQUEST  | method=GET    endpoint=/                                   status=200 latency=    1.85ms
2026-07-28T23:11:14 UTC | INFO     | REQUEST  | method=GET    endpoint=/                                   status=200 latency=    1.77ms
2026-07-28T23:11:45 UTC | INFO     | REQUEST  | method=GET    endpoint=/                                   status=200 latency=    0.90ms
2026-07-28T23:12:17 UTC | INFO     | REQUEST  | method=GET    endpoint=/                                   status=200 latency=    2.08ms
2026-07-28T23:12:48 UTC | INFO     | REQUEST  | method=GET    endpoint=/                                   status=200 latency=    0.92ms
2026-07-28T23:13:19 UTC | INFO     | REQUEST  | method=GET    endpoint=/                                   status=200 latency=    0.95ms
2026-07-28T23:13:50 UTC | INFO     | REQUEST  | method=GET    endpoint=/                                   status=200 latency=    1.26ms
2026-07-28T23:14:22 UTC | INFO     | REQUEST  | method=GET    endpoint=/                                   status=200 latency=    2.79ms
2026-07-28T23:14:53 UTC | INFO     | REQUEST  | method=GET    endpoint=/                                   status=200 latency=    0.77ms
2026-07-28T23:15:24 UTC | INFO     | REQUEST  | method=GET    endpoint=/                                   status=200 latency=    2.16ms
2026-07-28T23:15:55 UTC | INFO     | REQUEST  | method=GET    endpoint=/                                   status=200 latency=    0.96ms
2026-07-28T23:16:27 UTC | INFO     | REQUEST  | method=GET    endpoint=/                                   status=200 latency=    1.05ms
2026-07-28T23:16:59 UTC | INFO     | REQUEST  | method=GET    endpoint=/                                   status=200 latency=    1.19ms
2026-07-28T23:17:30 UTC | INFO     | REQUEST  | method=GET    endpoint=/                                   status=200 latency=    2.15ms
2026-07-28T23:18:01 UTC | INFO     | REQUEST  | method=GET    endpoint=/                                   status=200 latency=    1.17ms
2026-07-28T23:18:33 UTC | INFO     | REQUEST  | method=GET    endpoint=/                                   status=200 latency=    1.34ms
2026-07-28T23:19:04 UTC | INFO     | REQUEST  | method=GET    endpoint=/                                   status=200 latency=    0.65ms
2026-07-28T23:19:35 UTC | INFO     | REQUEST  | method=GET    endpoint=/                                   status=200 latency=    1.26ms
2026-07-28T23:20:06 UTC | INFO     | REQUEST  | method=GET    endpoint=/                                   status=200 latency=    0.80ms
2026-07-28T23:20:37 UTC | INFO     | REQUEST  | method=GET    endpoint=/                                   status=200 latency=    0.66ms
2026-07-28T23:21:09 UTC | INFO     | REQUEST  | method=GET    endpoint=/                                   status=200 latency=    8.57ms
2026-07-28T23:21:39 UTC | INFO     | REQUEST  | method=GET    endpoint=/                                   status=200 latency=    0.65ms
2026-07-28T23:22:11 UTC | INFO     | REQUEST  | method=GET    endpoint=/                                   status=200 latency=    0.64ms
2026-07-28T23:22:42 UTC | INFO     | REQUEST  | method=GET    endpoint=/                                   status=200 latency=    1.95ms
2026-07-28T23:23:13 UTC | INFO     | REQUEST  | method=GET    endpoint=/                                   status=200 latency=    0.67ms
2026-07-28T23:23:44 UTC | INFO     | REQUEST  | method=GET    endpoint=/                                   status=200 latency=    3.07ms
2026-07-28T23:24:16 UTC | INFO     | REQUEST  | method=GET    endpoint=/                                   status=200 latency=    0.80ms
2026-07-28T23:24:47 UTC | INFO     | REQUEST  | method=GET    endpoint=/                                   status=200 latency=    0.66ms
2026-07-28T23:28:29 UTC | INFO     | REQUEST  | method=GET    endpoint=/                                   status=200 latency=    1.52ms
2026-07-28T23:28:59 UTC | INFO     | REQUEST  | method=GET    endpoint=/                                   status=200 latency=    0.82ms
2026-07-28T23:30:45 UTC | INFO     | REQUEST  | method=GET    endpoint=/                                   status=200 latency=    0.50ms
2026-07-28T23:31:46 UTC | INFO     | REQUEST  | method=GET    endpoint=/                                   status=200 latency=    0.52ms
2026-07-28T23:33:02 UTC | INFO     | REQUEST  | method=GET    endpoint=/                                   status=200 latency=    0.40ms
2026-07-28T23:33:33 UTC | INFO     | REQUEST  | method=GET    endpoint=/                                   status=200 latency=    0.66ms
2026-07-28T23:34:03 UTC | INFO     | REQUEST  | method=GET    endpoint=/                                   status=200 latency=    0.57ms
2026-07-28T23:34:35 UTC | INFO     | REQUEST  | method=GET    endpoint=/                                   status=200 latency=    1.77ms
2026-08-05T22:28:25 UTC | INFO     | ======================================================================
2026-08-05T22:28:25 UTC | INFO     | STARTUP  | BGG Banking Simulator v1.3.0 iniciando...
2026-08-05T22:28:25 UTC | INFO     | STARTUP  | Log operativo: /app/logs/active/bgg_operativo.log
2026-08-05T22:28:25 UTC | INFO     | STARTUP  | Latencia simulada : 0.1s – 1.5s
2026-08-05T22:28:25 UTC | INFO     | STARTUP  | User speed (mock) : 2.0s – 15.0s [Escenario B]
2026-08-05T22:28:25 UTC | INFO     | ======================================================================
2026-08-05T22:28:26 UTC | INFO     | REQUEST  | method=GET    endpoint=/                                   status=200 latency=    1.09ms
2026-08-05T22:28:57 UTC | INFO     | REQUEST  | method=GET    endpoint=/                                   status=200 latency=    0.66ms
2026-08-05T22:29:29 UTC | INFO     | REQUEST  | method=GET    endpoint=/                                   status=200 latency=    1.29ms
2026-08-05T22:30:00 UTC | INFO     | REQUEST  | method=GET    endpoint=/                                   status=200 latency=    0.92ms
2026-08-05T22:30:32 UTC | INFO     | REQUEST  | method=GET    endpoint=/                                   status=200 latency=    6.44ms
2026-08-05T22:31:03 UTC | INFO     | REQUEST  | method=GET    endpoint=/                                   status=200 latency=    2.75ms
2026-08-05T22:31:33 UTC | INFO     | REQUEST  | method=GET    endpoint=/                                   status=200 latency=   13.00ms
2026-08-05T22:32:04 UTC | INFO     | REQUEST  | method=GET    endpoint=/                                   status=200 latency=    1.61ms
2026-08-05T22:32:34 UTC | INFO     | REQUEST  | method=GET    endpoint=/                                   status=200 latency=    4.95ms
2026-08-05T22:33:05 UTC | INFO     | REQUEST  | method=GET    endpoint=/                                   status=200 latency=    5.72ms
2026-08-05T22:33:36 UTC | INFO     | REQUEST  | method=GET    endpoint=/                                   status=200 latency=  246.05ms
2026-08-05T22:34:08 UTC | INFO     | REQUEST  | method=GET    endpoint=/                                   status=200 latency=    3.46ms
2026-08-05T22:34:39 UTC | INFO     | REQUEST  | method=GET    endpoint=/                                   status=200 latency=    1.84ms
2026-08-05T22:35:14 UTC | INFO     | REQUEST  | method=GET    endpoint=/                                   status=200 latency=  326.75ms
2026-08-05T22:35:46 UTC | INFO     | REQUEST  | method=GET    endpoint=/                                   status=200 latency= 1645.88ms
2026-08-05T22:36:18 UTC | INFO     | REQUEST  | method=GET    endpoint=/                                   status=200 latency=    8.55ms
2026-08-05T22:36:51 UTC | INFO     | REQUEST  | method=GET    endpoint=/                                   status=200 latency=   92.16ms
2026-08-05T22:37:24 UTC | INFO     | REQUEST  | method=GET    endpoint=/                                   status=200 latency=    4.08ms
2026-08-05T22:37:56 UTC | INFO     | REQUEST  | method=GET    endpoint=/                                   status=200 latency=    1.43ms
2026-08-05T22:38:28 UTC | INFO     | REQUEST  | method=GET    endpoint=/                                   status=200 latency=   13.35ms
2026-08-05T22:38:59 UTC | INFO     | REQUEST  | method=GET    endpoint=/                                   status=200 latency=    2.05ms
2026-08-05T22:39:31 UTC | INFO     | REQUEST  | method=GET    endpoint=/                                   status=200 latency=   33.51ms
2026-08-05T22:39:48 UTC | INFO     | REQUEST  | method=POST   endpoint=//api/v1/auth/login                 status=404 latency=   47.20ms
2026-08-05T22:40:04 UTC | INFO     | REQUEST  | method=GET    endpoint=/                                   status=200 latency=    6.34ms
2026-08-05T22:40:23 UTC | INFO     | REQUEST  | method=POST   endpoint=//api/v1/auth/login                 status=404 latency=   12.67ms
2026-08-05T22:40:37 UTC | INFO     | REQUEST  | method=GET    endpoint=/                                   status=200 latency=   98.31ms
2026-08-05T22:41:09 UTC | INFO     | REQUEST  | method=GET    endpoint=/                                   status=200 latency=    1.79ms
2026-08-05T22:41:41 UTC | INFO     | REQUEST  | method=GET    endpoint=/                                   status=200 latency=   91.21ms
2026-08-05T22:42:12 UTC | INFO     | REQUEST  | method=GET    endpoint=/                                   status=200 latency=    1.62ms
2026-08-05T22:42:20 UTC | INFO     | REQUEST  | method=OPTIONS endpoint=/api/v1/auth/login                  status=200 latency=   16.22ms
2026-08-05T22:42:22 UTC | INFO     | AUTH     | user=cliente_001"         network_delay=0.8380s user_speed=11.18s source_type=human
2026-08-05T22:42:22 UTC | WARNING  | AUTH_FAIL| user=cliente_001"         reason=invalid_credentials user_speed=11.18s source_type=human
2026-08-05T22:42:22 UTC | INFO     | REQUEST  | method=POST   endpoint=/api/v1/auth/login                  status=401 latency= 1532.58ms
2026-08-05T22:42:23 UTC | INFO     | AUTH     | user=cliente_001"         network_delay=0.9874s user_speed=12.95s source_type=human
2026-08-05T22:42:23 UTC | WARNING  | AUTH_FAIL| user=cliente_001"         reason=invalid_credentials user_speed=12.95s source_type=human
2026-08-05T22:42:23 UTC | INFO     | REQUEST  | method=POST   endpoint=/api/v1/auth/login                  status=401 latency= 1010.11ms
2026-08-05T22:42:26 UTC | INFO     | AUTH     | user=cliente_001"         network_delay=1.4538s user_speed=15.18s source_type=human
2026-08-05T22:42:26 UTC | WARNING  | AUTH_FAIL| user=cliente_001"         reason=invalid_credentials user_speed=15.18s source_type=human
2026-08-05T22:42:26 UTC | INFO     | REQUEST  | method=POST   endpoint=/api/v1/auth/login                  status=401 latency= 1465.69ms
2026-08-05T22:42:29 UTC | INFO     | AUTH     | user=cliente_001          network_delay=0.8610s user_speed=19.47s source_type=human
2026-08-05T22:42:31 UTC | INFO     | AUTH_OK  | user=cliente_001          account=MX-4821-0001 type=PREMIUM user_speed=19.47s source_type=human
2026-08-05T22:42:31 UTC | INFO     | REQUEST  | method=POST   endpoint=/api/v1/auth/login                  status=200 latency= 2707.70ms
2026-08-05T22:42:32 UTC | INFO     | AUTH     | user=cliente_001          network_delay=0.6925s user_speed=21.36s source_type=human
2026-08-05T22:42:32 UTC | INFO     | AUTH_OK  | user=cliente_001          account=MX-4821-0001 type=PREMIUM user_speed=21.36s source_type=human
2026-08-05T22:42:32 UTC | INFO     | REQUEST  | method=POST   endpoint=/api/v1/auth/login                  status=200 latency=  729.63ms
2026-08-05T22:42:43 UTC | INFO     | REQUEST  | method=GET    endpoint=/                                   status=200 latency=    0.61ms
2026-08-05T22:42:58 UTC | INFO     | REQUEST  | method=POST   endpoint=//api/v1/auth/login                 status=404 latency=    1.12ms
2026-08-05T22:43:15 UTC | INFO     | REQUEST  | method=GET    endpoint=/                                   status=200 latency=    0.54ms
2026-08-05T22:43:47 UTC | INFO     | REQUEST  | method=GET    endpoint=/                                   status=200 latency=    0.45ms
2026-08-05T22:44:19 UTC | INFO     | REQUEST  | method=GET    endpoint=/                                   status=200 latency=    1.12ms
2026-08-05T22:44:50 UTC | INFO     | REQUEST  | method=GET    endpoint=/                                   status=200 latency=    0.73ms
2026-08-05T22:45:22 UTC | INFO     | REQUEST  | method=GET    endpoint=/                                   status=200 latency=    1.37ms
2026-08-05T22:45:42 UTC | INFO     | AUTH     | user=cliente_001          network_delay=0.2200s user_speed=0.03s source_type=human
2026-08-05T22:45:42 UTC | INFO     | AUTH_OK  | user=cliente_001          account=MX-4821-0001 type=PREMIUM user_speed=0.03s source_type=human
2026-08-05T22:45:42 UTC | INFO     | REQUEST  | method=POST   endpoint=/api/v1/auth/login                  status=200 latency=  321.53ms
2026-08-05T22:45:44 UTC | INFO     | TXN      | account=MX-4821-0001    destination=MX-9012-3344    amount=   5000.00 network_delay=0.9765s user_speed=0.01s source_type=human
2026-08-05T22:45:44 UTC | INFO     | TXN_OK   | account=MX-4821-0001    destination=MX-9012-3344    amount=   5000.00 user_speed=0.01s source_type=human
2026-08-05T22:45:44 UTC | INFO     | REQUEST  | method=POST   endpoint=/api/v1/transactions/transfer       status=200 latency= 1049.86ms
2026-08-05T22:45:53 UTC | INFO     | REQUEST  | method=GET    endpoint=/                                   status=200 latency=    4.25ms
2026-08-05T22:46:25 UTC | INFO     | REQUEST  | method=GET    endpoint=/                                   status=200 latency=    0.98ms
2026-08-05T22:46:56 UTC | INFO     | REQUEST  | method=GET    endpoint=/                                   status=200 latency=    1.42ms
2026-08-05T22:47:28 UTC | INFO     | REQUEST  | method=GET    endpoint=/                                   status=200 latency=    1.25ms
2026-08-05T22:47:29 UTC | INFO     | AUTH     | user=cliente_001          network_delay=0.7387s user_speed=0.03s source_type=human
2026-08-05T22:47:29 UTC | INFO     | AUTH_OK  | user=cliente_001          account=MX-4821-0001 type=PREMIUM user_speed=0.03s source_type=human
2026-08-05T22:47:29 UTC | INFO     | REQUEST  | method=POST   endpoint=/api/v1/auth/login                  status=200 latency=  759.73ms
2026-08-05T22:47:29 UTC | INFO     | TXN      | account=MX-4821-0001    destination=MX-9012-3344    amount=   5000.00 network_delay=0.1522s user_speed=0.01s source_type=human
2026-08-05T22:47:29 UTC | INFO     | TXN_OK   | account=MX-4821-0001    destination=MX-9012-3344    amount=   5000.00 user_speed=0.01s source_type=human
2026-08-05T22:47:29 UTC | INFO     | REQUEST  | method=POST   endpoint=/api/v1/transactions/transfer       status=200 latency=  177.92ms
2026-08-05T22:47:59 UTC | INFO     | REQUEST  | method=GET    endpoint=/                                   status=200 latency=    6.24ms
2026-08-05T22:48:31 UTC | INFO     | REQUEST  | method=GET    endpoint=/                                   status=200 latency=    2.07ms
2026-08-05T22:49:02 UTC | INFO     | REQUEST  | method=GET    endpoint=/                                   status=200 latency=   10.70ms
2026-08-05T22:49:34 UTC | INFO     | REQUEST  | method=GET    endpoint=/                                   status=200 latency=    1.04ms
2026-08-05T22:50:05 UTC | INFO     | REQUEST  | method=GET    endpoint=/                                   status=200 latency=    0.82ms
2026-08-05T22:50:37 UTC | INFO     | REQUEST  | method=GET    endpoint=/                                   status=200 latency=    3.24ms
2026-08-05T22:51:08 UTC | INFO     | REQUEST  | method=GET    endpoint=/                                   status=200 latency=    2.64ms
2026-08-05T22:51:40 UTC | INFO     | REQUEST  | method=GET    endpoint=/                                   status=200 latency=    1.41ms
2026-08-07T15:28:09 UTC | INFO     | ======================================================================
2026-08-07T15:28:09 UTC | INFO     | STARTUP  | BGG Banking Simulator v1.3.0 iniciando...
2026-08-07T15:28:09 UTC | INFO     | STARTUP  | Log operativo: /app/logs/active/bgg_operativo.log
2026-08-07T15:28:09 UTC | INFO     | STARTUP  | Latencia simulada : 0.1s – 1.5s
2026-08-07T15:28:09 UTC | INFO     | STARTUP  | User speed (mock) : 2.0s – 15.0s [Escenario B]
2026-08-07T15:28:09 UTC | INFO     | ======================================================================
2026-08-07T15:28:10 UTC | INFO     | REQUEST  | method=GET    endpoint=/                                   status=200 latency=    1.13ms
2026-08-07T15:28:42 UTC | INFO     | REQUEST  | method=GET    endpoint=/                                   status=200 latency=    3.39ms
2026-08-07T15:29:13 UTC | INFO     | REQUEST  | method=GET    endpoint=/                                   status=200 latency=    0.48ms
2026-08-07T15:29:43 UTC | INFO     | REQUEST  | method=GET    endpoint=/                                   status=200 latency=    1.37ms
2026-08-07T15:30:14 UTC | INFO     | REQUEST  | method=GET    endpoint=/                                   status=200 latency=    0.78ms
2026-08-07T15:30:45 UTC | INFO     | REQUEST  | method=GET    endpoint=/                                   status=200 latency=    1.94ms
2026-08-07T15:31:17 UTC | INFO     | REQUEST  | method=GET    endpoint=/                                   status=200 latency=    4.20ms
2026-08-07T15:31:48 UTC | INFO     | REQUEST  | method=GET    endpoint=/                                   status=200 latency=    2.87ms
2026-08-07T15:32:19 UTC | INFO     | REQUEST  | method=GET    endpoint=/                                   status=200 latency=    0.35ms
2026-08-07T15:32:49 UTC | INFO     | REQUEST  | method=GET    endpoint=/                                   status=200 latency=    0.34ms
2026-08-07T15:33:20 UTC | INFO     | REQUEST  | method=GET    endpoint=/                                   status=200 latency=    0.32ms
2026-08-07T15:33:50 UTC | INFO     | REQUEST  | method=GET    endpoint=/                                   status=200 latency=    0.58ms
2026-08-07T15:34:21 UTC | INFO     | REQUEST  | method=GET    endpoint=/                                   status=200 latency=    0.32ms
2026-08-07T15:34:52 UTC | INFO     | REQUEST  | method=GET    endpoint=/                                   status=200 latency=    0.42ms
2026-08-07T15:35:22 UTC | INFO     | REQUEST  | method=GET    endpoint=/                                   status=200 latency=    0.30ms
2026-08-07T15:35:53 UTC | INFO     | REQUEST  | method=GET    endpoint=/                                   status=200 latency=    0.77ms
2026-08-07T15:36:24 UTC | INFO     | REQUEST  | method=GET    endpoint=/                                   status=200 latency=    1.57ms
2026-08-07T15:36:54 UTC | INFO     | REQUEST  | method=GET    endpoint=/                                   status=200 latency=    0.46ms
2026-08-07T15:37:25 UTC | INFO     | REQUEST  | method=GET    endpoint=/                                   status=200 latency=    1.34ms
2026-08-07T15:37:56 UTC | INFO     | REQUEST  | method=GET    endpoint=/                                   status=200 latency=    1.13ms
2026-08-07T15:38:27 UTC | INFO     | REQUEST  | method=GET    endpoint=/                                   status=200 latency=    4.23ms
2026-08-07T15:38:57 UTC | INFO     | REQUEST  | method=GET    endpoint=/                                   status=200 latency=    1.80ms
2026-08-07T15:39:28 UTC | INFO     | REQUEST  | method=GET    endpoint=/                                   status=200 latency=    1.49ms
2026-08-07T15:39:58 UTC | INFO     | REQUEST  | method=GET    endpoint=/                                   status=200 latency=    2.10ms
2026-08-07T15:40:29 UTC | INFO     | REQUEST  | method=GET    endpoint=/                                   status=200 latency=    1.31ms
2026-08-07T15:41:00 UTC | INFO     | REQUEST  | method=GET    endpoint=/                                   status=200 latency=    0.60ms
2026-08-07T15:41:31 UTC | INFO     | REQUEST  | method=GET    endpoint=/                                   status=200 latency=    1.94ms
2026-08-07T15:42:03 UTC | INFO     | REQUEST  | method=GET    endpoint=/                                   status=200 latency=    3.18ms
2026-08-07T15:42:34 UTC | INFO     | REQUEST  | method=GET    endpoint=/                                   status=200 latency=   97.78ms
2026-08-07T15:43:05 UTC | INFO     | REQUEST  | method=GET    endpoint=/                                   status=200 latency=    0.66ms
2026-08-07T15:43:35 UTC | INFO     | REQUEST  | method=GET    endpoint=/                                   status=200 latency=    4.12ms
2026-08-07T15:44:06 UTC | INFO     | REQUEST  | method=GET    endpoint=/                                   status=200 latency=    3.47ms
2026-08-07T15:44:37 UTC | INFO     | REQUEST  | method=GET    endpoint=/                                   status=200 latency=    0.42ms
2026-08-07T15:45:07 UTC | INFO     | REQUEST  | method=GET    endpoint=/                                   status=200 latency=    0.57ms
2026-08-07T15:45:38 UTC | INFO     | REQUEST  | method=GET    endpoint=/                                   status=200 latency=    0.50ms
2026-08-07T15:46:09 UTC | INFO     | REQUEST  | method=GET    endpoint=/                                   status=200 latency=    5.21ms
2026-08-07T15:46:39 UTC | INFO     | REQUEST  | method=GET    endpoint=/                                   status=200 latency=    0.37ms
2026-08-07T15:47:10 UTC | INFO     | REQUEST  | method=GET    endpoint=/                                   status=200 latency=    0.52ms
2026-08-07T15:47:40 UTC | INFO     | REQUEST  | method=GET    endpoint=/                                   status=200 latency=    0.69ms
2026-08-07T15:48:11 UTC | INFO     | REQUEST  | method=GET    endpoint=/                                   status=200 latency=    0.79ms
2026-08-07T15:48:41 UTC | INFO     | REQUEST  | method=GET    endpoint=/                                   status=200 latency=    0.37ms
2026-08-07T15:49:12 UTC | INFO     | REQUEST  | method=GET    endpoint=/                                   status=200 latency=    0.47ms
2026-08-07T15:49:42 UTC | INFO     | REQUEST  | method=GET    endpoint=/                                   status=200 latency=    0.31ms
2026-08-07T15:50:13 UTC | INFO     | REQUEST  | method=GET    endpoint=/                                   status=200 latency=    3.15ms
2026-08-07T15:50:44 UTC | INFO     | REQUEST  | method=GET    endpoint=/                                   status=200 latency=    0.50ms
2026-08-07T15:51:15 UTC | INFO     | REQUEST  | method=GET    endpoint=/                                   status=200 latency=    2.64ms
2026-08-07T15:51:46 UTC | INFO     | REQUEST  | method=GET    endpoint=/                                   status=200 latency=    0.78ms
2026-08-07T15:52:16 UTC | INFO     | REQUEST  | method=GET    endpoint=/                                   status=200 latency=    0.96ms
2026-08-07T15:52:47 UTC | INFO     | REQUEST  | method=GET    endpoint=/                                   status=200 latency=    0.30ms
2026-08-07T15:53:18 UTC | INFO     | REQUEST  | method=GET    endpoint=/                                   status=200 latency=    0.43ms
2026-08-07T15:53:48 UTC | INFO     | REQUEST  | method=GET    endpoint=/                                   status=200 latency=    1.04ms
2026-08-07T15:54:19 UTC | INFO     | REQUEST  | method=GET    endpoint=/                                   status=200 latency=    0.76ms
2026-08-07T15:54:50 UTC | INFO     | REQUEST  | method=GET    endpoint=/                                   status=200 latency=    0.50ms
2026-08-07T15:55:11 UTC | INFO     | REQUEST  | method=GET    endpoint=/                                   status=200 latency=    0.69ms
2026-08-07T15:55:11 UTC | INFO     | REQUEST  | method=GET    endpoint=/favicon.ico                        status=404 latency=    4.01ms
2026-08-07T15:55:21 UTC | INFO     | REQUEST  | method=GET    endpoint=/                                   status=200 latency=    3.98ms
                                                                                                                                                                                                                                                                                                                                                                                                                           2026-08-07T16:04:49 UTC | INFO     | ======================================================================
2026-08-07T16:04:49 UTC | INFO     | STARTUP  | BGG Banking Simulator v1.3.0 iniciando...
2026-08-07T16:04:49 UTC | INFO     | STARTUP  | Log operativo: /app/logs/active/bgg_operativo.log
2026-08-07T16:04:49 UTC | INFO     | STARTUP  | Latencia simulada : 0.1s – 1.5s
2026-08-07T16:04:49 UTC | INFO     | STARTUP  | User speed (mock) : 2.0s – 15.0s [Escenario B]
2026-08-07T16:04:49 UTC | INFO     | ======================================================================
2026-08-07T16:04:50 UTC | INFO     | REQUEST  | method=GET    endpoint=/                                   status=200 latency=    0.62ms
2026-08-07T16:05:21 UTC | INFO     | REQUEST  | method=GET    endpoint=/                                   status=200 latency=    0.69ms
2026-08-07T16:05:52 UTC | INFO     | REQUEST  | method=GET    endpoint=/                                   status=200 latency=    0.56ms
2026-08-07T16:06:25 UTC | INFO     | REQUEST  | method=GET    endpoint=/                                   status=200 latency=    2.98ms
2026-08-07T16:06:56 UTC | INFO     | REQUEST  | method=GET    endpoint=/                                   status=200 latency=    0.39ms
2026-08-07T16:07:26 UTC | INFO     | REQUEST  | method=GET    endpoint=/                                   status=200 latency=    0.53ms
2026-08-07T16:07:57 UTC | INFO     | REQUEST  | method=GET    endpoint=/                                   status=200 latency=    0.42ms
2026-08-07T16:08:27 UTC | INFO     | REQUEST  | method=GET    endpoint=/                                   status=200 latency=    0.66ms
2026-08-07T16:08:58 UTC | INFO     | REQUEST  | method=GET    endpoint=/                                   status=200 latency=    1.26ms
2026-08-07T16:09:28 UTC | INFO     | REQUEST  | method=GET    endpoint=/                                   status=200 latency=    0.73ms
2026-08-07T16:09:59 UTC | INFO     | REQUEST  | method=GET    endpoint=/                                   status=200 latency=    0.50ms
2026-08-07T16:10:30 UTC | INFO     | REQUEST  | method=GET    endpoint=/                                   status=200 latency=    2.25ms
2026-08-07T16:11:00 UTC | INFO     | REQUEST  | method=GET    endpoint=/                                   status=200 latency=    2.17ms
2026-08-07T16:11:31 UTC | INFO     | REQUEST  | method=GET    endpoint=/                                   status=200 latency=    1.85ms
2026-08-07T16:11:38 UTC | INFO     | REQUEST  | method=GET    endpoint=/index.html                         status=404 latency=    1.99ms
2026-08-07T16:11:38 UTC | INFO     | REQUEST  | method=GET    endpoint=/favicon.ico                        status=404 latency=    2.09ms
2026-08-07T16:12:01 UTC | INFO     | REQUEST  | method=GET    endpoint=/                                   status=200 latency=    0.49ms
2026-08-07T16:12:32 UTC | INFO     | REQUEST  | method=GET    endpoint=/                                   status=200 latency=    0.33ms
2026-08-07T16:13:02 UTC | INFO     | REQUEST  | method=GET    endpoint=/                                   status=200 latency=    4.58ms
2026-08-07T16:13:33 UTC | INFO     | REQUEST  | method=GET    endpoint=/                                   status=200 latency=    0.81ms
2026-08-07T16:13:41 UTC | INFO     | REQUEST  | method=GET    endpoint=/index.html                         status=404 latency=    0.47ms
2026-08-07T16:13:41 UTC | INFO     | REQUEST  | method=GET    endpoint=/favicon.ico                        status=404 latency=    3.04ms
2026-08-07T16:14:04 UTC | INFO     | REQUEST  | method=GET    endpoint=/                                   status=200 latency=    1.05ms
2026-08-07T16:14:34 UTC | INFO     | REQUEST  | method=GET    endpoint=/                                   status=200 latency=    0.37ms
2026-08-07T16:15:04 UTC | INFO     | REQUEST  | method=GET    endpoint=/                                   status=200 latency=    0.35ms
2026-08-07T16:15:35 UTC | INFO     | REQUEST  | method=GET    endpoint=/                                   status=200 latency=    1.84ms
2026-08-07T16:16:05 UTC | INFO     | REQUEST  | method=GET    endpoint=/                                   status=200 latency=    2.58ms
2026-08-07T16:16:36 UTC | INFO     | REQUEST  | method=GET    endpoint=/                                   status=200 latency=    0.36ms
2026-08-07T16:17:06 UTC | INFO     | REQUEST  | method=GET    endpoint=/                                   status=200 latency=    3.28ms
2026-08-07T16:17:37 UTC | INFO     | REQUEST  | method=GET    endpoint=/                                   status=200 latency=    1.31ms
2026-08-07T16:18:07 UTC | INFO     | REQUEST  | method=GET    endpoint=/                                   status=200 latency=    0.38ms
2026-08-07T16:18:38 UTC | INFO     | REQUEST  | method=GET    endpoint=/                                   status=200 latency=    0.32ms
2026-08-07T16:19:08 UTC | INFO     | REQUEST  | method=GET    endpoint=/                                   status=200 latency=    1.39ms
2026-08-07T16:19:39 UTC | INFO     | REQUEST  | method=GET    endpoint=/                                   status=200 latency=    0.63ms
2026-08-07T16:20:10 UTC | INFO     | REQUEST  | method=GET    endpoint=/                                   status=200 latency=    1.49ms
2026-08-07T16:20:40 UTC | INFO     | REQUEST  | method=GET    endpoint=/                                   status=200 latency=    1.14ms
2026-08-07T16:21:11 UTC | INFO     | REQUEST  | method=GET    endpoint=/                                   status=200 latency=    1.22ms
2026-08-07T16:21:42 UTC | INFO     | REQUEST  | method=GET    endpoint=/                                   status=200 latency=    0.55ms
2026-08-07T16:22:12 UTC | INFO     | REQUEST  | method=GET    endpoint=/                                   status=200 latency=    0.44ms
2026-08-07T16:22:44 UTC | INFO     | REQUEST  | method=GET    endpoint=/                                   status=200 latency=    2.70ms
2026-08-07T16:23:14 UTC | INFO     | REQUEST  | method=GET    endpoint=/                                   status=200 latency=    1.82ms
2026-08-07T16:23:41 UTC | INFO     | REQUEST  | method=GET    endpoint=/docs                               status=200 latency=   10.60ms
2026-08-07T16:23:42 UTC | INFO     | REQUEST  | method=GET    endpoint=/openapi.json                       status=200 latency=  167.89ms
2026-08-07T16:23:45 UTC | INFO     | REQUEST  | method=GET    endpoint=/                                   status=200 latency=    0.42ms
2026-08-07T16:24:15 UTC | INFO     | REQUEST  | method=GET    endpoint=/                                   status=200 latency=    0.71ms
2026-08-07T16:24:46 UTC | INFO     | REQUEST  | method=GET    endpoint=/                                   status=200 latency=    0.37ms
2026-08-07T16:24:50 UTC | INFO     | REQUEST  | method=GET    endpoint=/docs                               status=200 latency=    1.50ms
2026-08-07T16:24:51 UTC | INFO     | REQUEST  | method=GET    endpoint=/openapi.json                       status=200 latency=    9.79ms
2026-08-07T16:25:16 UTC | INFO     | REQUEST  | method=GET    endpoint=/                                   status=200 latency=    3.82ms
2026-08-07T16:25:47 UTC | INFO     | REQUEST  | method=GET    endpoint=/                                   status=200 latency=    0.81ms
2026-08-07T16:26:17 UTC | INFO     | REQUEST  | method=GET    endpoint=/                                   status=200 latency=    0.98ms
2026-08-07T16:26:48 UTC | INFO     | REQUEST  | method=GET    endpoint=/                                   status=200 latency=    2.19ms
2026-08-07T16:27:19 UTC | INFO     | REQUEST  | method=GET    endpoint=/                                   status=200 latency=    1.52ms
2026-08-07T16:27:50 UTC | INFO     | REQUEST  | method=GET    endpoint=/                                   status=200 latency=    0.46ms
2026-08-07T16:28:20 UTC | INFO     | REQUEST  | method=GET    endpoint=/                                   status=200 latency=    0.36ms
2026-08-07T16:28:54 UTC | INFO     | REQUEST  | method=GET    endpoint=/                                   status=200 latency=  105.53ms
2026-08-07T16:29:25 UTC | INFO     | REQUEST  | method=GET    endpoint=/                                   status=200 latency=    0.35ms
2026-08-07T16:29:44 UTC | INFO     | AUTH     | user=cliente_001          network_delay=0.6619s user_speed=14.66s source_type=simulated
2026-08-07T16:29:44 UTC | WARNING  | AUTH_FAIL| user=cliente_001          reason=invalid_credentials user_speed=14.66s source_type=simulated
2026-08-07T16:29:44 UTC | INFO     | REQUEST  | method=POST   endpoint=/api/v1/auth/login                  status=401 latency=  696.43ms
2026-08-07T16:29:45 UTC | INFO     | AUTH     | user=cliente_001          network_delay=0.3020s user_speed=8.49s source_type=simulated
2026-08-07T16:29:45 UTC | WARNING  | AUTH_FAIL| user=cliente_001          reason=invalid_credentials user_speed=8.49s source_type=simulated
2026-08-07T16:29:45 UTC | INFO     | REQUEST  | method=POST   endpoint=/api/v1/auth/login                  status=401 latency=  301.68ms
2026-08-07T16:29:46 UTC | INFO     | AUTH     | user=cliente_001          network_delay=0.2652s user_speed=5.38s source_type=simulated
2026-08-07T16:29:46 UTC | WARNING  | AUTH_FAIL| user=cliente_001          reason=invalid_credentials user_speed=5.38s source_type=simulated
2026-08-07T16:29:46 UTC | INFO     | REQUEST  | method=POST   endpoint=/api/v1/auth/login                  status=401 latency=  287.22ms
2026-08-07T16:29:48 UTC | INFO     | AUTH     | user=cliente_001          network_delay=0.5548s user_speed=11.05s source_type=simulated
2026-08-07T16:29:48 UTC | WARNING  | AUTH_FAIL| user=cliente_001          reason=invalid_credentials user_speed=11.05s source_type=simulated
2026-08-07T16:29:48 UTC | INFO     | REQUEST  | method=POST   endpoint=/api/v1/auth/login                  status=401 latency=  565.97ms
2026-08-07T16:29:50 UTC | INFO     | AUTH     | user=cliente_001          network_delay=0.6146s user_speed=9.34s source_type=simulated
2026-08-07T16:29:50 UTC | WARNING  | AUTH_FAIL| user=cliente_001          reason=invalid_credentials user_speed=9.34s source_type=simulated
2026-08-07T16:29:50 UTC | INFO     | REQUEST  | method=POST   endpoint=/api/v1/auth/login                  status=401 latency=  625.51ms
2026-08-07T16:29:56 UTC | INFO     | REQUEST  | method=GET    endpoint=/                                   status=200 latency=    0.40ms
2026-08-07T16:30:27 UTC | INFO     | REQUEST  | method=GET    endpoint=/                                   status=200 latency=    8.92ms
2026-08-07T16:30:38 UTC | INFO     | AUTH     | user=cliente_001          network_delay=0.5152s user_speed=2.38s source_type=simulated
2026-08-07T16:30:38 UTC | WARNING  | AUTH_FAIL| user=cliente_001          reason=invalid_credentials user_speed=2.38s source_type=simulated
2026-08-07T16:30:38 UTC | INFO     | REQUEST  | method=POST   endpoint=/api/v1/auth/login                  status=401 latency=  551.09ms
2026-08-07T16:30:39 UTC | INFO     | AUTH     | user=cliente_001          network_delay=0.4832s user_speed=11.11s source_type=simulated
2026-08-07T16:30:39 UTC | WARNING  | AUTH_FAIL| user=cliente_001          reason=invalid_credentials user_speed=11.11s source_type=simulated
2026-08-07T16:30:39 UTC | INFO     | REQUEST  | method=POST   endpoint=/api/v1/auth/login                  status=401 latency=  578.08ms
2026-08-07T16:30:41 UTC | INFO     | AUTH     | user=cliente_001          network_delay=0.6569s user_speed=10.39s source_type=simulated
2026-08-07T16:30:41 UTC | WARNING  | AUTH_FAIL| user=cliente_001          reason=invalid_credentials user_speed=10.39s source_type=simulated
2026-08-07T16:30:41 UTC | INFO     | REQUEST  | method=POST   endpoint=/api/v1/auth/login                  status=401 latency=  864.84ms
2026-08-07T16:30:43 UTC | INFO     | AUTH     | user=cliente_001          network_delay=0.2106s user_speed=11.30s source_type=simulated
2026-08-07T16:30:43 UTC | WARNING  | AUTH_FAIL| user=cliente_001          reason=invalid_credentials user_speed=11.30s source_type=simulated
2026-08-07T16:30:43 UTC | INFO     | REQUEST  | method=POST   endpoint=/api/v1/auth/login                  status=401 latency=  229.41ms
2026-08-07T16:30:44 UTC | INFO     | AUTH     | user=cliente_001          network_delay=0.3718s user_speed=4.65s source_type=simulated
2026-08-07T16:30:44 UTC | WARNING  | AUTH_FAIL| user=cliente_001          reason=invalid_credentials user_speed=4.65s source_type=simulated
2026-08-07T16:30:44 UTC | INFO     | REQUEST  | method=POST   endpoint=/api/v1/auth/login                  status=401 latency=  379.98ms
2026-08-07T16:30:46 UTC | INFO     | AUTH     | user=cliente_001          network_delay=0.5113s user_speed=5.33s source_type=simulated
2026-08-07T16:30:46 UTC | WARNING  | AUTH_FAIL| user=cliente_001          reason=invalid_credentials user_speed=5.33s source_type=simulated
2026-08-07T16:30:46 UTC | INFO     | REQUEST  | method=POST   endpoint=/api/v1/auth/login                  status=401 latency=  550.01ms
2026-08-07T16:30:48 UTC | INFO     | AUTH     | user=cliente_001          network_delay=1.3257s user_speed=14.77s source_type=simulated
2026-08-07T16:30:48 UTC | WARNING  | AUTH_FAIL| user=cliente_001          reason=invalid_credentials user_speed=14.77s source_type=simulated
2026-08-07T16:30:48 UTC | INFO     | REQUEST  | method=POST   endpoint=/api/v1/auth/login                  status=401 latency= 1765.45ms
2026-08-07T16:30:50 UTC | INFO     | AUTH     | user=cliente_001          network_delay=0.9346s user_speed=7.62s source_type=simulated
2026-08-07T16:30:50 UTC | WARNING  | AUTH_FAIL| user=cliente_001          reason=invalid_credentials user_speed=7.62s source_type=simulated
2026-08-07T16:30:50 UTC | INFO     | REQUEST  | method=POST   endpoint=/api/v1/auth/login                  status=401 latency=  982.10ms
2026-08-07T16:30:53 UTC | INFO     | AUTH     | user=cliente_001          network_delay=1.4731s user_speed=11.94s source_type=simulated
2026-08-07T16:30:53 UTC | WARNING  | AUTH_FAIL| user=cliente_001          reason=invalid_credentials user_speed=11.94s source_type=simulated
2026-08-07T16:30:53 UTC | INFO     | REQUEST  | method=POST   endpoint=/api/v1/auth/login                  status=401 latency= 1480.48ms
2026-08-07T16:30:55 UTC | INFO     | AUTH     | user=cliente_001          network_delay=0.8714s user_speed=12.82s source_type=simulated
2026-08-07T16:30:55 UTC | WARNING  | AUTH_FAIL| user=cliente_001          reason=invalid_credentials user_speed=12.82s source_type=simulated
2026-08-07T16:30:55 UTC | INFO     | REQUEST  | method=POST   endpoint=/api/v1/auth/login                  status=401 latency=  877.52ms
2026-08-07T16:30:57 UTC | INFO     | AUTH     | user=cliente_001          network_delay=1.4131s user_speed=13.52s source_type=simulated
2026-08-07T16:30:57 UTC | INFO     | AUTH_OK  | user=cliente_001          account=MX-4821-0001 type=PREMIUM user_speed=13.52s source_type=simulated
2026-08-07T16:30:57 UTC | INFO     | REQUEST  | method=POST   endpoint=/api/v1/auth/login                  status=200 latency= 1472.86ms
2026-08-07T16:30:58 UTC | INFO     | REQUEST  | method=GET    endpoint=/                                   status=200 latency=    9.47ms
2026-08-07T16:30:58 UTC | INFO     | REQUEST  | method=POST   endpoint=/api/v1/transactions/transfer       status=422 latency=   76.09ms
2026-08-07T16:31:29 UTC | INFO     | REQUEST  | method=GET    endpoint=/                                   status=200 latency=    6.10ms
2026-08-07T16:32:00 UTC | INFO     | REQUEST  | method=GET    endpoint=/                                   status=200 latency=    4.94ms
2026-08-07T16:32:31 UTC | INFO     | REQUEST  | method=GET    endpoint=/                                   status=200 latency=    0.53ms
2026-08-07T16:33:02 UTC | INFO     | REQUEST  | method=GET    endpoint=/                                   status=200 latency=    3.79ms
2026-08-07T16:33:27 UTC | INFO     | REQUEST  | method=GET    endpoint=/index.html                         status=404 latency=    0.86ms
2026-08-07T16:33:27 UTC | INFO     | REQUEST  | method=GET    endpoint=/favicon.ico                        status=404 latency=    2.96ms
2026-08-07T16:33:33 UTC | INFO     | REQUEST  | method=GET    endpoint=/                                   status=200 latency=    5.06ms
2026-08-07T16:34:04 UTC | INFO     | REQUEST  | method=GET    endpoint=/                                   status=200 latency=    5.34ms
2026-08-07T16:34:34 UTC | INFO     | REQUEST  | method=GET    endpoint=/                                   status=200 latency=    1.87ms
2026-08-07T16:35:05 UTC | INFO     | REQUEST  | method=GET    endpoint=/                                   status=200 latency=    0.63ms
2026-08-07T16:35:35 UTC | INFO     | REQUEST  | method=GET    endpoint=/                                   status=200 latency=    1.38ms
2026-08-07T16:36:06 UTC | INFO     | REQUEST  | method=GET    endpoint=/                                   status=200 latency=    0.52ms
2026-08-07T16:36:37 UTC | INFO     | REQUEST  | method=GET    endpoint=/                                   status=200 latency=    0.49ms
2026-08-07T16:37:07 UTC | INFO     | REQUEST  | method=GET    endpoint=/                                   status=200 latency=    0.39ms
2026-08-07T16:37:38 UTC | INFO     | REQUEST  | method=GET    endpoint=/                                   status=200 latency=    1.58ms
2026-08-07T16:38:09 UTC | INFO     | REQUEST  | method=GET    endpoint=/                                   status=200 latency=    3.50ms
2026-08-07T16:38:40 UTC | INFO     | REQUEST  | method=GET    endpoint=/                                   status=200 latency=    0.38ms
2026-08-07T16:39:11 UTC | INFO     | REQUEST  | method=GET    endpoint=/                                   status=200 latency=    0.83ms
2026-08-07T16:39:13 UTC | INFO     | REQUEST  | method=OPTIONS endpoint=/api/v1/auth/login                  status=200 latency=    2.46ms
2026-08-07T16:39:15 UTC | INFO     | AUTH     | user=cliente_002          network_delay=1.3213s user_speed=47.06s source_type=human
2026-08-07T16:39:15 UTC | INFO     | AUTH_OK  | user=cliente_002          account=MX-4821-0002 type=STANDARD user_speed=47.06s source_type=human
2026-08-07T16:39:15 UTC | INFO     | REQUEST  | method=POST   endpoint=/api/v1/auth/login                  status=200 latency= 1337.68ms
2026-08-07T16:39:33 UTC | INFO     | AUTH     | user=cliente_001          network_delay=0.5497s user_speed=7.63s source_type=simulated
2026-08-07T16:39:33 UTC | WARNING  | AUTH_FAIL| user=cliente_001          reason=invalid_credentials user_speed=7.63s source_type=simulated
2026-08-07T16:39:33 UTC | INFO     | REQUEST  | method=POST   endpoint=/api/v1/auth/login                  status=401 latency=  562.36ms
2026-08-07T16:39:34 UTC | INFO     | AUTH     | user=cliente_001          network_delay=0.3104s user_speed=8.53s source_type=simulated
2026-08-07T16:39:34 UTC | WARNING  | AUTH_FAIL| user=cliente_001          reason=invalid_credentials user_speed=8.53s source_type=simulated
2026-08-07T16:39:34 UTC | INFO     | REQUEST  | method=POST   endpoint=/api/v1/auth/login                  status=401 latency=  311.84ms
2026-08-07T16:39:36 UTC | INFO     | AUTH     | user=cliente_001          network_delay=0.9430s user_speed=10.62s source_type=simulated
2026-08-07T16:39:36 UTC | INFO     | AUTH_OK  | user=cliente_001          account=MX-4821-0001 type=PREMIUM user_speed=10.62s source_type=simulated
2026-08-07T16:39:36 UTC | INFO     | REQUEST  | method=POST   endpoint=/api/v1/auth/login                  status=200 latency=  995.71ms
2026-08-07T16:39:37 UTC | INFO     | REQUEST  | method=POST   endpoint=/api/v1/transactions/transfer       status=422 latency=    6.12ms
2026-08-07T16:39:41 UTC | INFO     | REQUEST  | method=GET    endpoint=/                                   status=200 latency=    7.60ms
2026-08-07T16:39:51 UTC | INFO     | REQUEST  | method=OPTIONS endpoint=/api/v1/transactions/transfer       status=200 latency=    6.52ms
2026-08-07T16:39:53 UTC | INFO     | TXN      | account=MX-4821-0002    destination=MX-9012-3355    amount=     50.00 network_delay=1.0134s user_speed=10.68s source_type=human
2026-08-07T16:39:53 UTC | INFO     | TXN_OK   | account=MX-4821-0002    destination=MX-9012-3355    amount=     50.00 user_speed=10.68s source_type=human
2026-08-07T16:39:53 UTC | INFO     | REQUEST  | method=POST   endpoint=/api/v1/transactions/transfer       status=200 latency= 1040.66ms
2026-08-07T16:40:12 UTC | INFO     | REQUEST  | method=GET    endpoint=/                                   status=200 latency=    1.08ms
2026-08-07T16:40:19 UTC | INFO     | REQUEST  | method=OPTIONS endpoint=/api/v1/auth/login                  status=200 latency=    0.67ms
2026-08-07T16:40:20 UTC | INFO     | AUTH     | user=cliente_002          network_delay=0.6905s user_speed=17.27s source_type=human
2026-08-07T16:40:20 UTC | INFO     | AUTH_OK  | user=cliente_002          account=MX-4821-0002 type=STANDARD user_speed=17.27s source_type=human
2026-08-07T16:40:20 UTC | INFO     | REQUEST  | method=POST   endpoint=/api/v1/auth/login                  status=200 latency=  700.04ms
2026-08-07T16:40:43 UTC | INFO     | REQUEST  | method=GET    endpoint=/                                   status=200 latency=    3.57ms
2026-08-07T16:41:14 UTC | INFO     | REQUEST  | method=GET    endpoint=/                                   status=200 latency=    0.46ms
2026-08-07T16:41:45 UTC | INFO     | REQUEST  | method=GET    endpoint=/                                   status=200 latency=    4.08ms
2026-08-07T16:41:47 UTC | INFO     | REQUEST  | method=OPTIONS endpoint=/api/v1/auth/login                  status=200 latency=    0.76ms
2026-08-07T16:41:48 UTC | INFO     | AUTH     | user=cliente_002          network_delay=0.1024s user_speed=5.94s source_type=human
2026-08-07T16:41:48 UTC | INFO     | AUTH_OK  | user=cliente_002          account=MX-4821-0002 type=STANDARD user_speed=5.94s source_type=human
2026-08-07T16:41:48 UTC | INFO     | REQUEST  | method=POST   endpoint=/api/v1/auth/login                  status=200 latency=  135.86ms
2026-08-07T16:41:49 UTC | INFO     | AUTH     | user=cliente_001          network_delay=1.0129s user_speed=2.09s source_type=simulated
2026-08-07T16:41:49 UTC | WARNING  | AUTH_FAIL| user=cliente_001          reason=invalid_credentials user_speed=2.09s source_type=simulated
2026-08-07T16:41:49 UTC | INFO     | REQUEST  | method=POST   endpoint=/api/v1/auth/login                  status=401 latency= 1025.71ms
2026-08-07T16:41:52 UTC | INFO     | AUTH     | user=cliente_001          network_delay=1.4046s user_speed=8.63s source_type=simulated
2026-08-07T16:41:52 UTC | WARNING  | AUTH_FAIL| user=cliente_001          reason=invalid_credentials user_speed=8.63s source_type=simulated
2026-08-07T16:41:52 UTC | INFO     | REQUEST  | method=POST   endpoint=/api/v1/auth/login                  status=401 latency= 1433.71ms
2026-08-07T16:41:54 UTC | INFO     | AUTH     | user=cliente_001          network_delay=1.0694s user_speed=6.29s source_type=simulated
2026-08-07T16:41:54 UTC | WARNING  | AUTH_FAIL| user=cliente_001          reason=invalid_credentials user_speed=6.29s source_type=simulated
2026-08-07T16:41:54 UTC | INFO     | REQUEST  | method=POST   endpoint=/api/v1/auth/login                  status=401 latency= 1111.50ms
2026-08-07T16:41:55 UTC | INFO     | AUTH     | user=cliente_001          network_delay=0.2759s user_speed=4.35s source_type=simulated
2026-08-07T16:41:55 UTC | WARNING  | AUTH_FAIL| user=cliente_001          reason=invalid_credentials user_speed=4.35s source_type=simulated
2026-08-07T16:41:55 UTC | INFO     | REQUEST  | method=POST   endpoint=/api/v1/auth/login                  status=401 latency=  279.15ms
2026-08-07T16:41:57 UTC | INFO     | AUTH     | user=cliente_001          network_delay=0.5323s user_speed=12.69s source_type=simulated
2026-08-07T16:41:57 UTC | WARNING  | AUTH_FAIL| user=cliente_001          reason=invalid_credentials user_speed=12.69s source_type=simulated
2026-08-07T16:41:57 UTC | INFO     | REQUEST  | method=POST   endpoint=/api/v1/auth/login                  status=401 latency=  548.43ms
2026-08-07T16:41:58 UTC | INFO     | AUTH     | user=cliente_001          network_delay=0.4543s user_speed=2.43s source_type=simulated
2026-08-07T16:41:58 UTC | WARNING  | AUTH_FAIL| user=cliente_001          reason=invalid_credentials user_speed=2.43s source_type=simulated
2026-08-07T16:41:58 UTC | INFO     | REQUEST  | method=POST   endpoint=/api/v1/auth/login                  status=401 latency=  474.29ms
2026-08-07T16:42:00 UTC | INFO     | AUTH     | user=cliente_001          network_delay=1.0619s user_speed=2.05s source_type=simulated
2026-08-07T16:42:00 UTC | WARNING  | AUTH_FAIL| user=cliente_001          reason=invalid_credentials user_speed=2.05s source_type=simulated
2026-08-07T16:42:00 UTC | INFO     | REQUEST  | method=POST   endpoint=/api/v1/auth/login                  status=401 latency= 1081.79ms
2026-08-07T16:42:02 UTC | INFO     | AUTH     | user=cliente_001          network_delay=0.3427s user_speed=7.10s source_type=simulated
2026-08-07T16:42:02 UTC | WARNING  | AUTH_FAIL| user=cliente_001          reason=invalid_credentials user_speed=7.10s source_type=simulated
2026-08-07T16:42:02 UTC | INFO     | REQUEST  | method=POST   endpoint=/api/v1/auth/login                  status=401 latency=  353.55ms
2026-08-07T16:42:03 UTC | INFO     | AUTH     | user=cliente_001          network_delay=0.6625s user_speed=5.82s source_type=simulated
2026-08-07T16:42:03 UTC | INFO     | AUTH_OK  | user=cliente_001          account=MX-4821-0001 type=PREMIUM user_speed=5.82s source_type=simulated
2026-08-07T16:42:03 UTC | INFO     | REQUEST  | method=POST   endpoint=/api/v1/auth/login                  status=200 latency=  687.91ms
2026-08-07T16:42:04 UTC | INFO     | REQUEST  | method=POST   endpoint=/api/v1/transactions/transfer       status=422 latency=    1.01ms
2026-08-07T16:42:07 UTC | INFO     | REQUEST  | method=OPTIONS endpoint=/api/v1/transactions/transfer       status=200 latency=    0.36ms
2026-08-07T16:42:07 UTC | INFO     | TXN      | account=MX-4821-0002    destination=MX-9012-3344    amount=    800.00 network_delay=0.3568s user_speed=5.07s source_type=human
2026-08-07T16:42:07 UTC | INFO     | TXN_OK   | account=MX-4821-0002    destination=MX-9012-3344    amount=    800.00 user_speed=5.07s source_type=human
2026-08-07T16:42:07 UTC | INFO     | REQUEST  | method=POST   endpoint=/api/v1/transactions/transfer       status=200 latency=  378.72ms
2026-08-07T16:42:16 UTC | INFO     | REQUEST  | method=GET    endpoint=/                                   status=200 latency=    8.01ms
2026-08-07T16:42:47 UTC | INFO     | REQUEST  | method=GET    endpoint=/                                   status=200 latency=    2.57ms
2026-08-07T16:43:17 UTC | INFO     | REQUEST  | method=GET    endpoint=/                                   status=200 latency=    0.43ms
2026-08-07T16:43:48 UTC | INFO     | REQUEST  | method=GET    endpoint=/                                   status=200 latency=    1.60ms
2026-08-07T16:44:11 UTC | INFO     | AUTH     | user=cliente_001          network_delay=0.7832s user_speed=12.63s source_type=simulated
2026-08-07T16:44:11 UTC | WARNING  | AUTH_FAIL| user=cliente_001          reason=invalid_credentials user_speed=12.63s source_type=simulated
2026-08-07T16:44:11 UTC | INFO     | REQUEST  | method=POST   endpoint=/api/v1/auth/login                  status=401 latency=  809.25ms
2026-08-07T16:44:14 UTC | INFO     | AUTH     | user=cliente_001          network_delay=1.3301s user_speed=9.96s source_type=simulated
2026-08-07T16:44:14 UTC | WARNING  | AUTH_FAIL| user=cliente_001          reason=invalid_credentials user_speed=9.96s source_type=simulated
2026-08-07T16:44:14 UTC | INFO     | REQUEST  | method=POST   endpoint=/api/v1/auth/login                  status=401 latency= 1335.80ms
2026-08-07T16:44:15 UTC | INFO     | AUTH     | user=cliente_001          network_delay=0.3126s user_speed=7.25s source_type=simulated
2026-08-07T16:44:15 UTC | INFO     | AUTH_OK  | user=cliente_001          account=MX-4821-0001 type=PREMIUM user_speed=7.25s source_type=simulated
2026-08-07T16:44:15 UTC | INFO     | REQUEST  | method=POST   endpoint=/api/v1/auth/login                  status=200 latency=  328.06ms
2026-08-07T16:44:16 UTC | INFO     | REQUEST  | method=POST   endpoint=/api/v1/transactions/transfer       status=422 latency=    0.84ms
2026-08-07T16:44:18 UTC | INFO     | REQUEST  | method=GET    endpoint=/                                   status=200 latency=    4.89ms
2026-08-07T16:44:49 UTC | INFO     | REQUEST  | method=GET    endpoint=/                                   status=200 latency=    0.86ms
2026-08-07T16:44:59 UTC | INFO     | REQUEST  | method=OPTIONS endpoint=/api/v1/auth/login                  status=200 latency=    0.29ms
2026-08-07T16:45:00 UTC | INFO     | AUTH     | user=cliente_001          network_delay=0.6296s user_speed=56.85s source_type=human
2026-08-07T16:45:00 UTC | INFO     | AUTH_OK  | user=cliente_001          account=MX-4821-0001 type=PREMIUM user_speed=56.85s source_type=human
2026-08-07T16:45:00 UTC | INFO     | REQUEST  | method=POST   endpoint=/api/v1/auth/login                  status=200 latency=  644.26ms
2026-08-07T16:45:19 UTC | INFO     | REQUEST  | method=GET    endpoint=/                                   status=200 latency=    0.31ms
2026-08-07T16:45:50 UTC | INFO     | REQUEST  | method=GET    endpoint=/                                   status=200 latency=    1.36ms
2026-08-07T16:46:15 UTC | INFO     | REQUEST  | method=OPTIONS endpoint=/api/v1/auth/login                  status=200 latency=    1.78ms
2026-08-07T16:46:16 UTC | INFO     | AUTH     | user=cliente_002          network_delay=0.6674s user_speed=5.59s source_type=human
2026-08-07T16:46:16 UTC | INFO     | AUTH_OK  | user=cliente_002          account=MX-4821-0002 type=STANDARD user_speed=5.59s source_type=human
2026-08-07T16:46:16 UTC | INFO     | REQUEST  | method=POST   endpoint=/api/v1/auth/login                  status=200 latency=  688.82ms
2026-08-07T16:46:21 UTC | INFO     | REQUEST  | method=GET    endpoint=/                                   status=200 latency=    0.37ms
2026-08-07T16:46:51 UTC | INFO     | REQUEST  | method=GET    endpoint=/                                   status=200 latency=    0.34ms
2026-08-07T16:47:22 UTC | INFO     | REQUEST  | method=GET    endpoint=/                                   status=200 latency=    0.35ms
2026-08-07T16:47:52 UTC | INFO     | REQUEST  | method=GET    endpoint=/                                   status=200 latency=    0.60ms
2026-08-07T16:48:23 UTC | INFO     | REQUEST  | method=GET    endpoint=/                                   status=200 latency=    0.46ms
2026-08-07T16:48:36 UTC | INFO     | REQUEST  | method=OPTIONS endpoint=/api/v1/auth/login                  status=200 latency=    0.43ms
2026-08-07T16:48:38 UTC | INFO     | AUTH     | user=cliente_002          network_delay=1.2277s user_speed=9.57s source_type=human
2026-08-07T16:48:38 UTC | INFO     | AUTH_OK  | user=cliente_002          account=MX-4821-0002 type=STANDARD user_speed=9.57s source_type=human
2026-08-07T16:48:38 UTC | INFO     | REQUEST  | method=POST   endpoint=/api/v1/auth/login                  status=200 latency= 1365.06ms
2026-08-07T16:48:54 UTC | INFO     | REQUEST  | method=GET    endpoint=/                                   status=200 latency=    0.43ms
2026-08-07T16:49:24 UTC | INFO     | REQUEST  | method=GET    endpoint=/                                   status=200 latency=    0.32ms
2026-08-07T16:49:54 UTC | INFO     | AUTH     | user=cliente_001          network_delay=1.0683s user_speed=6.01s source_type=simulated
2026-08-07T16:49:54 UTC | WARNING  | AUTH_FAIL| user=cliente_001          reason=invalid_credentials user_speed=6.01s source_type=simulated
2026-08-07T16:49:54 UTC | INFO     | REQUEST  | method=POST   endpoint=/api/v1/auth/login                  status=401 latency= 1139.50ms
2026-08-07T16:49:55 UTC | INFO     | REQUEST  | method=GET    endpoint=/                                   status=200 latency=    0.39ms
2026-08-07T16:49:56 UTC | INFO     | AUTH     | user=cliente_001          network_delay=0.6982s user_speed=2.81s source_type=simulated
2026-08-07T16:49:56 UTC | WARNING  | AUTH_FAIL| user=cliente_001          reason=invalid_credentials user_speed=2.81s source_type=simulated
2026-08-07T16:49:56 UTC | INFO     | REQUEST  | method=POST   endpoint=/api/v1/auth/login                  status=401 latency=  949.86ms
2026-08-07T16:49:58 UTC | INFO     | AUTH     | user=cliente_001          network_delay=0.3152s user_speed=5.10s source_type=simulated
2026-08-07T16:49:58 UTC | WARNING  | AUTH_FAIL| user=cliente_001          reason=invalid_credentials user_speed=5.10s source_type=simulated
2026-08-07T16:49:58 UTC | INFO     | REQUEST  | method=POST   endpoint=/api/v1/auth/login                  status=401 latency=  318.87ms
2026-08-07T16:49:59 UTC | INFO     | AUTH     | user=cliente_001          network_delay=0.3180s user_speed=3.10s source_type=simulated
2026-08-07T16:49:59 UTC | WARNING  | AUTH_FAIL| user=cliente_001          reason=invalid_credentials user_speed=3.10s source_type=simulated
2026-08-07T16:49:59 UTC | INFO     | REQUEST  | method=POST   endpoint=/api/v1/auth/login                  status=401 latency=  322.32ms
2026-08-07T16:50:00 UTC | INFO     | AUTH     | user=cliente_001          network_delay=0.2189s user_speed=2.69s source_type=simulated
2026-08-07T16:50:00 UTC | INFO     | AUTH_OK  | user=cliente_001          account=MX-4821-0001 type=PREMIUM user_speed=2.69s source_type=simulated
2026-08-07T16:50:00 UTC | INFO     | REQUEST  | method=POST   endpoint=/api/v1/auth/login                  status=200 latency=  240.63ms
2026-08-07T16:50:01 UTC | INFO     | REQUEST  | method=POST   endpoint=/api/v1/transactions/transfer       status=422 latency=    2.04ms
2026-08-07T16:50:26 UTC | INFO     | REQUEST  | method=GET    endpoint=/                                   status=200 latency=    0.32ms
2026-08-07T16:50:56 UTC | INFO     | REQUEST  | method=GET    endpoint=/                                   status=200 latency=    0.34ms
2026-08-07T16:51:27 UTC | INFO     | REQUEST  | method=GET    endpoint=/                                   status=200 latency=    4.55ms
2026-08-07T16:51:45 UTC | INFO     | AUTH     | user=cliente_001          network_delay=1.0476s user_speed=5.97s source_type=simulated
2026-08-07T16:51:45 UTC | WARNING  | AUTH_FAIL| user=cliente_001          reason=invalid_credentials user_speed=5.97s source_type=simulated
2026-08-07T16:51:45 UTC | INFO     | REQUEST  | method=POST   endpoint=/api/v1/auth/login                  status=401 latency= 1079.03ms
2026-08-07T16:51:46 UTC | INFO     | AUTH     | user=cliente_001          network_delay=0.7090s user_speed=11.03s source_type=simulated
2026-08-07T16:51:46 UTC | WARNING  | AUTH_FAIL| user=cliente_001          reason=invalid_credentials user_speed=11.03s source_type=simulated
2026-08-07T16:51:47 UTC | INFO     | REQUEST  | method=POST   endpoint=/api/v1/auth/login                  status=401 latency= 1197.86ms
2026-08-07T16:51:49 UTC | INFO     | AUTH     | user=cliente_001          network_delay=0.4438s user_speed=5.65s source_type=simulated
2026-08-07T16:51:49 UTC | WARNING  | AUTH_FAIL| user=cliente_001          reason=invalid_credentials user_speed=5.65s source_type=simulated
2026-08-07T16:51:49 UTC | INFO     | REQUEST  | method=POST   endpoint=/api/v1/auth/login                  status=401 latency=  458.95ms
2026-08-07T16:51:50 UTC | INFO     | AUTH     | user=cliente_001          network_delay=0.2853s user_speed=14.67s source_type=simulated
2026-08-07T16:51:50 UTC | WARNING  | AUTH_FAIL| user=cliente_001          reason=invalid_credentials user_speed=14.67s source_type=simulated
2026-08-07T16:51:50 UTC | INFO     | REQUEST  | method=POST   endpoint=/api/v1/auth/login                  status=401 latency=  297.64ms
2026-08-07T16:51:51 UTC | INFO     | AUTH     | user=cliente_001          network_delay=0.4646s user_speed=7.83s source_type=simulated
2026-08-07T16:51:51 UTC | WARNING  | AUTH_FAIL| user=cliente_001          reason=invalid_credentials user_speed=7.83s source_type=simulated
2026-08-07T16:51:51 UTC | INFO     | REQUEST  | method=POST   endpoint=/api/v1/auth/login                  status=401 latency=  509.86ms
2026-08-07T16:51:53 UTC | INFO     | AUTH     | user=cliente_001          network_delay=0.6233s user_speed=2.25s source_type=simulated
2026-08-07T16:51:53 UTC | WARNING  | AUTH_FAIL| user=cliente_001          reason=invalid_credentials user_speed=2.25s source_type=simulated
2026-08-07T16:51:53 UTC | INFO     | REQUEST  | method=POST   endpoint=/api/v1/auth/login                  status=401 latency=  624.57ms
2026-08-07T16:51:55 UTC | INFO     | AUTH     | user=cliente_001          network_delay=1.3402s user_speed=6.82s source_type=simulated
2026-08-07T16:51:55 UTC | WARNING  | AUTH_FAIL| user=cliente_001          reason=invalid_credentials user_speed=6.82s source_type=simulated
2026-08-07T16:51:55 UTC | INFO     | REQUEST  | method=POST   endpoint=/api/v1/auth/login                  status=401 latency= 1364.83ms
2026-08-07T16:51:57 UTC | INFO     | AUTH     | user=cliente_001          network_delay=0.1323s user_speed=7.54s source_type=simulated
2026-08-07T16:51:57 UTC | WARNING  | AUTH_FAIL| user=cliente_001          reason=invalid_credentials user_speed=7.54s source_type=simulated
2026-08-07T16:51:57 UTC | INFO     | REQUEST  | method=POST   endpoint=/api/v1/auth/login                  status=401 latency=  136.51ms
2026-08-07T16:51:58 UTC | INFO     | AUTH     | user=cliente_001          network_delay=0.1600s user_speed=11.62s source_type=simulated
2026-08-07T16:51:58 UTC | WARNING  | AUTH_FAIL| user=cliente_001          reason=invalid_credentials user_speed=11.62s source_type=simulated
2026-08-07T16:51:58 UTC | INFO     | REQUEST  | method=POST   endpoint=/api/v1/auth/login                  status=401 latency=  205.66ms
2026-08-07T16:51:58 UTC | INFO     | REQUEST  | method=GET    endpoint=/                                   status=200 latency=    0.44ms
2026-08-07T16:51:59 UTC | INFO     | AUTH     | user=cliente_001          network_delay=0.3265s user_speed=5.34s source_type=simulated
2026-08-07T16:51:59 UTC | INFO     | AUTH_OK  | user=cliente_001          account=MX-4821-0001 type=PREMIUM user_speed=5.34s source_type=simulated
2026-08-07T16:51:59 UTC | INFO     | REQUEST  | method=POST   endpoint=/api/v1/auth/login                  status=200 latency=  363.83ms
2026-08-07T16:52:00 UTC | INFO     | REQUEST  | method=POST   endpoint=/api/v1/transactions/transfer       status=422 latency=    1.62ms
2026-08-07T16:52:29 UTC | INFO     | REQUEST  | method=GET    endpoint=/                                   status=200 latency=    1.60ms
2026-08-07T16:52:59 UTC | INFO     | REQUEST  | method=GET    endpoint=/                                   status=200 latency=    0.43ms
2026-08-07T16:53:18 UTC | INFO     | AUTH     | user=cliente_001          network_delay=0.1655s user_speed=11.78s source_type=simulated
2026-08-07T16:53:18 UTC | WARNING  | AUTH_FAIL| user=cliente_001          reason=invalid_credentials user_speed=11.78s source_type=simulated
2026-08-07T16:53:18 UTC | INFO     | REQUEST  | method=POST   endpoint=/api/v1/auth/login                  status=401 latency=  204.31ms
2026-08-07T16:53:20 UTC | INFO     | AUTH     | user=cliente_001          network_delay=1.4304s user_speed=12.41s source_type=simulated
2026-08-07T16:53:20 UTC | WARNING  | AUTH_FAIL| user=cliente_001          reason=invalid_credentials user_speed=12.41s source_type=simulated
2026-08-07T16:53:20 UTC | INFO     | REQUEST  | method=POST   endpoint=/api/v1/auth/login                  status=401 latency= 1444.91ms
2026-08-07T16:53:22 UTC | INFO     | AUTH     | user=cliente_001          network_delay=0.2198s user_speed=13.20s source_type=simulated
2026-08-07T16:53:22 UTC | WARNING  | AUTH_FAIL| user=cliente_001          reason=invalid_credentials user_speed=13.20s source_type=simulated
2026-08-07T16:53:22 UTC | INFO     | REQUEST  | method=POST   endpoint=/api/v1/auth/login                  status=401 latency=  266.67ms
2026-08-07T16:53:23 UTC | INFO     | AUTH     | user=cliente_001          network_delay=0.3417s user_speed=8.82s source_type=simulated
2026-08-07T16:53:23 UTC | WARNING  | AUTH_FAIL| user=cliente_001          reason=invalid_credentials user_speed=8.82s source_type=simulated
2026-08-07T16:53:23 UTC | INFO     | REQUEST  | method=POST   endpoint=/api/v1/auth/login                  status=401 latency=  358.96ms
2026-08-07T16:53:25 UTC | INFO     | AUTH     | user=cliente_001          network_delay=0.5498s user_speed=12.32s source_type=simulated
2026-08-07T16:53:25 UTC | WARNING  | AUTH_FAIL| user=cliente_001          reason=invalid_credentials user_speed=12.32s source_type=simulated
2026-08-07T16:53:25 UTC | INFO     | REQUEST  | method=POST   endpoint=/api/v1/auth/login                  status=401 latency=  558.17ms
2026-08-07T16:53:26 UTC | INFO     | AUTH     | user=cliente_001          network_delay=0.6777s user_speed=2.17s source_type=simulated
2026-08-07T16:53:26 UTC | WARNING  | AUTH_FAIL| user=cliente_001          reason=invalid_credentials user_speed=2.17s source_type=simulated
2026-08-07T16:53:26 UTC | INFO     | REQUEST  | method=POST   endpoint=/api/v1/auth/login                  status=401 latency=  863.19ms
2026-08-07T16:53:28 UTC | INFO     | AUTH     | user=cliente_001          network_delay=0.2002s user_speed=12.63s source_type=simulated
2026-08-07T16:53:28 UTC | WARNING  | AUTH_FAIL| user=cliente_001          reason=invalid_credentials user_speed=12.63s source_type=simulated
2026-08-07T16:53:28 UTC | INFO     | REQUEST  | method=POST   endpoint=/api/v1/auth/login                  status=401 latency=  202.45ms
2026-08-07T16:53:30 UTC | INFO     | REQUEST  | method=GET    endpoint=/                                   status=200 latency=    0.91ms
2026-08-07T16:53:30 UTC | INFO     | AUTH     | user=cliente_001          network_delay=1.3355s user_speed=9.63s source_type=simulated
2026-08-07T16:53:30 UTC | WARNING  | AUTH_FAIL| user=cliente_001          reason=invalid_credentials user_speed=9.63s source_type=simulated
2026-08-07T16:53:30 UTC | INFO     | REQUEST  | method=POST   endpoint=/api/v1/auth/login                  status=401 latency= 1347.35ms
2026-08-07T16:53:32 UTC | INFO     | AUTH     | user=cliente_001          network_delay=0.4446s user_speed=5.32s source_type=simulated
2026-08-07T16:53:32 UTC | INFO     | AUTH_OK  | user=cliente_001          account=MX-4821-0001 type=PREMIUM user_speed=5.32s source_type=simulated
2026-08-07T16:53:32 UTC | INFO     | REQUEST  | method=POST   endpoint=/api/v1/auth/login                  status=200 latency=  461.96ms
2026-08-07T16:53:32 UTC | INFO     | REQUEST  | method=POST   endpoint=/api/v1/transactions/transfer       status=422 latency=    1.28ms
2026-08-07T16:54:01 UTC | INFO     | REQUEST  | method=GET    endpoint=/                                   status=200 latency=    2.65ms
2026-08-07T16:54:31 UTC | INFO     | REQUEST  | method=GET    endpoint=/                                   status=200 latency=    2.28ms
2026-08-07T16:55:02 UTC | INFO     | REQUEST  | method=GET    endpoint=/                                   status=200 latency=    0.94ms
2026-08-07T16:55:32 UTC | INFO     | REQUEST  | method=GET    endpoint=/                                   status=200 latency=    1.01ms
2026-08-07T16:56:03 UTC | INFO     | REQUEST  | method=GET    endpoint=/                                   status=200 latency=    0.60ms
2026-08-07T16:56:35 UTC | INFO     | REQUEST  | method=GET    endpoint=/                                   status=200 latency=    0.56ms
2026-08-07T16:57:05 UTC | INFO     | REQUEST  | method=GET    endpoint=/                                   status=200 latency=   10.61ms
2026-08-07T16:57:37 UTC | INFO     | REQUEST  | method=GET    endpoint=/                                   status=200 latency=    0.86ms
2026-08-07T16:58:07 UTC | INFO     | REQUEST  | method=GET    endpoint=/                                   status=200 latency=    2.29ms
2026-08-07T16:58:38 UTC | INFO     | REQUEST  | method=GET    endpoint=/                                   status=200 latency=    0.81ms
2026-08-07T16:58:45 UTC | INFO     | AUTH     | user=cliente_001          network_delay=0.1129s user_speed=8.10s source_type=simulated
2026-08-07T16:58:45 UTC | INFO     | AUTH_OK  | user=cliente_001          account=MX-4821-0001 type=PREMIUM user_speed=8.10s source_type=simulated
2026-08-07T16:58:45 UTC | INFO     | REQUEST  | method=POST   endpoint=/api/v1/auth/login                  status=200 latency=  116.55ms
2026-08-07T16:58:46 UTC | INFO     | TXN      | account=MX-4821-0001    destination=MX-9012-3344    amount=   1500.00 network_delay=0.5039s user_speed=7.31s source_type=simulated
2026-08-07T16:58:46 UTC | INFO     | TXN_OK   | account=MX-4821-0001    destination=MX-9012-3344    amount=   1500.00 user_speed=7.31s source_type=simulated
2026-08-07T16:58:46 UTC | INFO     | REQUEST  | method=POST   endpoint=/api/v1/transactions/transfer       status=200 latency=  504.59ms
2026-08-07T16:59:08 UTC | INFO     | REQUEST  | method=GET    endpoint=/                                   status=200 latency=    0.82ms
2026-08-07T16:59:39 UTC | INFO     | REQUEST  | method=GET    endpoint=/                                   status=200 latency=    0.51ms
2026-08-07T17:00:09 UTC | INFO     | REQUEST  | method=GET    endpoint=/                                   status=200 latency=    0.46ms
2026-08-07T17:00:45 UTC | INFO     | REQUEST  | method=GET    endpoint=/                                   status=200 latency=    0.56ms
2026-08-07T17:01:16 UTC | INFO     | REQUEST  | method=GET    endpoint=/                                   status=200 latency=    0.55ms
2026-08-07T17:01:51 UTC | INFO     | REQUEST  | method=GET    endpoint=/                                   status=200 latency=    0.43ms
2026-08-07T17:01:51 UTC | INFO     | REQUEST  | method=OPTIONS endpoint=/api/v1/auth/login                  status=200 latency=    0.23ms
2026-08-07T17:01:52 UTC | INFO     | AUTH     | user=cliente_001          network_delay=0.3750s user_speed=125.02s source_type=human
2026-08-07T17:01:52 UTC | INFO     | AUTH_OK  | user=cliente_001          account=MX-4821-0001 type=PREMIUM user_speed=125.02s source_type=human
2026-08-07T17:01:52 UTC | INFO     | REQUEST  | method=POST   endpoint=/api/v1/auth/login                  status=200 latency=  554.28ms
2026-08-07T17:01:53 UTC | INFO     | AUTH     | user=cliente_001          network_delay=0.7061s user_speed=4.88s source_type=simulated
2026-08-07T17:01:53 UTC | WARNING  | AUTH_FAIL| user=cliente_001          reason=invalid_credentials user_speed=4.88s source_type=simulated
2026-08-07T17:01:53 UTC | INFO     | REQUEST  | method=POST   endpoint=/api/v1/auth/login                  status=401 latency=  737.64ms
2026-08-07T17:01:55 UTC | INFO     | AUTH     | user=cliente_001          network_delay=0.1305s user_speed=14.11s source_type=simulated
2026-08-07T17:01:55 UTC | WARNING  | AUTH_FAIL| user=cliente_001          reason=invalid_credentials user_speed=14.11s source_type=simulated
2026-08-07T17:01:55 UTC | INFO     | REQUEST  | method=POST   endpoint=/api/v1/auth/login                  status=401 latency=  983.73ms
2026-08-07T17:01:58 UTC | INFO     | AUTH     | user=cliente_001          network_delay=1.2236s user_speed=4.04s source_type=simulated
2026-08-07T17:01:58 UTC | WARNING  | AUTH_FAIL| user=cliente_001          reason=invalid_credentials user_speed=4.04s source_type=simulated
2026-08-07T17:01:58 UTC | INFO     | REQUEST  | method=POST   endpoint=/api/v1/auth/login                  status=401 latency= 1879.09ms
2026-08-07T17:02:00 UTC | INFO     | AUTH     | user=cliente_001          network_delay=1.4477s user_speed=10.47s source_type=simulated
2026-08-07T17:02:00 UTC | WARNING  | AUTH_FAIL| user=cliente_001          reason=invalid_credentials user_speed=10.47s source_type=simulated
2026-08-07T17:02:00 UTC | INFO     | REQUEST  | method=POST   endpoint=/api/v1/auth/login                  status=401 latency= 1469.65ms
2026-08-07T17:02:03 UTC | INFO     | AUTH     | user=cliente_001          network_delay=0.9880s user_speed=9.70s source_type=simulated
2026-08-07T17:02:03 UTC | WARNING  | AUTH_FAIL| user=cliente_001          reason=invalid_credentials user_speed=9.70s source_type=simulated
2026-08-07T17:02:03 UTC | INFO     | REQUEST  | method=POST   endpoint=/api/v1/auth/login                  status=401 latency= 1592.66ms
2026-08-07T17:02:05 UTC | INFO     | AUTH     | user=cliente_001          network_delay=0.8941s user_speed=10.99s source_type=simulated
2026-08-07T17:02:05 UTC | INFO     | AUTH_OK  | user=cliente_001          account=MX-4821-0001 type=PREMIUM user_speed=10.99s source_type=simulated
2026-08-07T17:02:05 UTC | INFO     | REQUEST  | method=POST   endpoint=/api/v1/auth/login                  status=200 latency= 1224.27ms
2026-08-07T17:02:07 UTC | INFO     | TXN      | account=MX-4821-0001    destination=MX-9012-3344    amount=   1500.00 network_delay=0.4575s user_speed=3.83s source_type=simulated
2026-08-07T17:02:07 UTC | INFO     | TXN_OK   | account=MX-4821-0001    destination=MX-9012-3344    amount=   1500.00 user_speed=3.83s source_type=simulated
2026-08-07T17:02:07 UTC | INFO     | REQUEST  | method=POST   endpoint=/api/v1/transactions/transfer       status=200 latency= 1140.62ms
2026-08-07T17:02:23 UTC | INFO     | REQUEST  | method=GET    endpoint=/                                   status=200 latency=    0.40ms
2026-08-07T17:02:28 UTC | INFO     | REQUEST  | method=OPTIONS endpoint=/api/v1/auth/login                  status=200 latency=    0.49ms
2026-08-07T17:02:30 UTC | INFO     | AUTH     | user=cliente_001          network_delay=1.2031s user_speed=4.84s source_type=human
2026-08-07T17:02:30 UTC | INFO     | AUTH_OK  | user=cliente_001          account=MX-4821-0001 type=PREMIUM user_speed=4.84s source_type=human
2026-08-07T17:02:30 UTC | INFO     | REQUEST  | method=POST   endpoint=/api/v1/auth/login                  status=200 latency= 1203.82ms
2026-08-07T17:02:54 UTC | INFO     | REQUEST  | method=GET    endpoint=/                                   status=200 latency=    0.56ms
2026-08-07T17:03:25 UTC | INFO     | REQUEST  | method=GET    endpoint=/                                   status=200 latency=    0.71ms
2026-08-07T17:03:55 UTC | INFO     | REQUEST  | method=GET    endpoint=/                                   status=200 latency=    2.76ms
2026-08-07T17:04:26 UTC | INFO     | REQUEST  | method=GET    endpoint=/                                   status=200 latency=    2.03ms
2026-08-07T17:04:57 UTC | INFO     | REQUEST  | method=GET    endpoint=/                                   status=200 latency=    0.53ms
2026-08-07T17:05:27 UTC | INFO     | REQUEST  | method=GET    endpoint=/                                   status=200 latency=    0.38ms
2026-08-07T17:05:58 UTC | INFO     | REQUEST  | method=GET    endpoint=/                                   status=200 latency=    0.43ms
2026-08-07T17:06:28 UTC | INFO     | REQUEST  | method=GET    endpoint=/                                   status=200 latency=    0.32ms
2026-08-07T17:06:59 UTC | INFO     | REQUEST  | method=GET    endpoint=/                                   status=200 latency=    0.60ms
2026-08-07T17:07:30 UTC | INFO     | REQUEST  | method=GET    endpoint=/                                   status=200 latency=    0.54ms
2026-08-07T17:08:00 UTC | INFO     | REQUEST  | method=GET    endpoint=/                                   status=200 latency=    0.35ms
2026-08-07T17:08:31 UTC | INFO     | REQUEST  | method=GET    endpoint=/                                   status=200 latency=    0.64ms
2026-08-07T17:09:01 UTC | INFO     | REQUEST  | method=GET    endpoint=/                                   status=200 latency=    0.52ms
2026-08-07T17:09:32 UTC | INFO     | REQUEST  | method=GET    endpoint=/                                   status=200 latency=    0.61ms
2026-08-07T17:10:03 UTC | INFO     | REQUEST  | method=GET    endpoint=/                                   status=200 latency=    0.58ms
2026-08-07T17:10:33 UTC | INFO     | REQUEST  | method=GET    endpoint=/                                   status=200 latency=    0.36ms
2026-08-07T17:11:04 UTC | INFO     | REQUEST  | method=GET    endpoint=/                                   status=200 latency=    0.60ms
2026-08-07T17:11:34 UTC | INFO     | REQUEST  | method=GET    endpoint=/                                   status=200 latency=    1.44ms
2026-08-07T17:12:05 UTC | INFO     | REQUEST  | method=GET    endpoint=/                                   status=200 latency=    0.82ms
2026-08-07T17:12:35 UTC | INFO     | REQUEST  | method=GET    endpoint=/                                   status=200 latency=    0.67ms
2026-08-07T17:13:06 UTC | INFO     | REQUEST  | method=GET    endpoint=/                                   status=200 latency=    0.39ms
2026-08-07T17:13:36 UTC | INFO     | REQUEST  | method=GET    endpoint=/                                   status=200 latency=    0.53ms
2026-08-07T17:14:07 UTC | INFO     | REQUEST  | method=GET    endpoint=/                                   status=200 latency=    0.34ms
                                                                                                                                         2026-08-08T05:21:29 UTC | INFO     | ======================================================================
2026-08-08T05:21:29 UTC | INFO     | STARTUP  | BGG Banking Simulator v1.3.0 iniciando...
2026-08-08T05:21:29 UTC | INFO     | STARTUP  | Log operativo: /app/logs/active/bgg_operativo.log
2026-08-08T05:21:29 UTC | INFO     | STARTUP  | Latencia simulada : 0.1s – 1.5s
2026-08-08T05:21:29 UTC | INFO     | STARTUP  | User speed (mock) : 2.0s – 15.0s [Escenario B]
2026-08-08T05:21:29 UTC | INFO     | ======================================================================
2026-08-08T05:21:33 UTC | INFO     | REQUEST  | method=GET    endpoint=/                                   status=200 latency=    0.90ms
2026-08-08T05:22:04 UTC | INFO     | REQUEST  | method=GET    endpoint=/                                   status=200 latency=    0.47ms
2026-08-08T05:22:35 UTC | INFO     | REQUEST  | method=GET    endpoint=/                                   status=200 latency=   32.11ms
2026-08-08T05:23:06 UTC | INFO     | REQUEST  | method=GET    endpoint=/                                   status=200 latency=   21.56ms
2026-08-08T05:23:37 UTC | INFO     | REQUEST  | method=GET    endpoint=/                                   status=200 latency=    1.39ms
2026-08-08T05:24:09 UTC | INFO     | REQUEST  | method=GET    endpoint=/                                   status=200 latency=    1.33ms
2026-08-08T05:24:40 UTC | INFO     | REQUEST  | method=GET    endpoint=/                                   status=200 latency=   10.74ms
2026-08-08T05:25:12 UTC | INFO     | REQUEST  | method=GET    endpoint=/                                   status=200 latency=    2.17ms
2026-08-08T05:25:43 UTC | INFO     | REQUEST  | method=GET    endpoint=/                                   status=200 latency=    3.19ms
2026-08-08T05:26:15 UTC | INFO     | REQUEST  | method=GET    endpoint=/                                   status=200 latency=    5.18ms
2026-08-08T05:26:47 UTC | INFO     | REQUEST  | method=GET    endpoint=/                                   status=200 latency=   16.98ms
2026-08-08T05:27:19 UTC | INFO     | REQUEST  | method=GET    endpoint=/                                   status=200 latency=    4.48ms
2026-08-08T05:27:50 UTC | INFO     | REQUEST  | method=GET    endpoint=/                                   status=200 latency=    1.28ms
2026-08-08T05:28:21 UTC | INFO     | REQUEST  | method=GET    endpoint=/                                   status=200 latency=    2.10ms
2026-08-08T05:28:53 UTC | INFO     | REQUEST  | method=GET    endpoint=/                                   status=200 latency=    8.97ms
2026-08-08T05:29:24 UTC | INFO     | REQUEST  | method=GET    endpoint=/                                   status=200 latency=   18.50ms
2026-08-08T05:29:55 UTC | INFO     | REQUEST  | method=GET    endpoint=/                                   status=200 latency=    0.90ms
2026-08-08T05:30:26 UTC | INFO     | REQUEST  | method=GET    endpoint=/                                   status=200 latency=    2.89ms
2026-08-08T05:30:57 UTC | INFO     | REQUEST  | method=GET    endpoint=/                                   status=200 latency=    5.68ms
2026-08-08T05:31:29 UTC | INFO     | REQUEST  | method=GET    endpoint=/                                   status=200 latency=    4.09ms
2026-08-08T05:32:00 UTC | INFO     | REQUEST  | method=GET    endpoint=/                                   status=200 latency=    3.12ms
2026-08-08T05:32:31 UTC | INFO     | REQUEST  | method=GET    endpoint=/                                   status=200 latency=    2.34ms
2026-08-08T05:33:03 UTC | INFO     | REQUEST  | method=GET    endpoint=/                                   status=200 latency=    3.85ms
2026-08-08T05:33:35 UTC | INFO     | REQUEST  | method=GET    endpoint=/                                   status=200 latency=    4.04ms
2026-08-08T05:34:05 UTC | INFO     | REQUEST  | method=GET    endpoint=/                                   status=200 latency=    1.26ms
2026-08-08T05:34:37 UTC | INFO     | REQUEST  | method=GET    endpoint=/                                   status=200 latency=    2.02ms
2026-08-08T05:35:08 UTC | INFO     | REQUEST  | method=GET    endpoint=/                                   status=200 latency=    4.18ms
2026-08-08T05:35:39 UTC | INFO     | REQUEST  | method=GET    endpoint=/                                   status=200 latency=   13.59ms
2026-08-08T05:36:11 UTC | INFO     | REQUEST  | method=GET    endpoint=/                                   status=200 latency=    3.56ms
2026-08-08T05:36:42 UTC | INFO     | REQUEST  | method=GET    endpoint=/                                   status=200 latency=    0.66ms
